Num_Acc,senc,catv,occutc,obs,obsm,choc,manv,num_veh
201600000519,1.0,7,0,1.0,0.0,2.0,0.0,A01
201600000520,0.0,7,0,6.0,0.0,1.0,0.0,A01
201600000521,2.0,7,0,13.0,0.0,1.0,1.0,A01
201600000522,1.0,7,0,13.0,0.0,1.0,1.0,A01
201600000523,0.0,7,0,0.0,0.0,8.0,0.0,B02
201600000523,0.0,7,0,0.0,0.0,2.0,11.0,A01
201600000524,0.0,7,0,2.0,0.0,3.0,21.0,A01
201600000525,1.0,7,0,2.0,0.0,1.0,17.0,A01
201600000526,1.0,7,0,0.0,2.0,2.0,17.0,A01
201600000526,1.0,1,0,0.0,2.0,4.0,1.0,B02
201600000527,2.0,7,0,13.0,0.0,0.0,1.0,C03
201600000527,2.0,7,0,0.0,2.0,1.0,1.0,B02
201600000527,1.0,7,0,0.0,2.0,1.0,13.0,A01
201600000528,1.0,33,0,0.0,0.0,8.0,1.0,A01
201600000529,0.0,7,0,2.0,0.0,1.0,1.0,A01
201600000530,0.0,33,0,0.0,2.0,1.0,13.0,A01
201600000530,0.0,7,0,0.0,2.0,3.0,1.0,B02
201600000531,1.0,7,0,0.0,2.0,1.0,0.0,B02
201600000531,2.0,7,0,0.0,2.0,1.0,0.0,A01
201600000532,2.0,7,0,0.0,0.0,9.0,1.0,A01
201600000533,2.0,7,0,0.0,1.0,3.0,1.0,A01
201600000534,2.0,7,0,0.0,1.0,2.0,1.0,A01
201600000535,1.0,7,0,0.0,2.0,1.0,5.0,A01
201600000535,2.0,15,0,0.0,2.0,2.0,1.0,B02
201600000536,2.0,7,0,0.0,1.0,2.0,1.0,A01
201600000537,0.0,7,0,0.0,2.0,3.0,1.0,A01
201600000537,0.0,7,0,0.0,2.0,3.0,1.0,B02
201600000538,0.0,7,0,0.0,2.0,2.0,21.0,B02
201600000538,0.0,7,0,0.0,2.0,1.0,13.0,A01
201600000539,2.0,7,0,0.0,2.0,2.0,1.0,A01
201600000539,2.0,7,0,0.0,2.0,2.0,13.0,B02
201600000540,1.0,7,0,0.0,2.0,3.0,2.0,A01
201600000540,2.0,7,0,0.0,2.0,3.0,1.0,C03
201600000540,1.0,33,0,0.0,2.0,1.0,17.0,B02
201600000541,1.0,7,0,0.0,2.0,3.0,13.0,A01
201600000541,2.0,7,0,0.0,2.0,3.0,1.0,B02
201600000542,1.0,7,0,0.0,2.0,3.0,13.0,A01
201600000542,2.0,7,0,0.0,2.0,1.0,17.0,C03
201600000542,1.0,7,0,0.0,2.0,1.0,2.0,B02
201600000542,2.0,17,0,0.0,2.0,3.0,1.0,D04
201600000543,1.0,10,0,0.0,2.0,1.0,2.0,A01
201600000543,1.0,10,0,0.0,2.0,4.0,2.0,D04
201600000543,1.0,10,0,0.0,2.0,5.0,2.0,C03
201600000543,1.0,10,0,0.0,2.0,4.0,2.0,B02
201600000544,0.0,7,0,0.0,1.0,3.0,1.0,A01
201600000545,0.0,10,0,2.0,0.0,7.0,0.0,A01
201600000546,0.0,2,0,0.0,0.0,0.0,0.0,A01
201600000547,0.0,7,0,0.0,0.0,0.0,15.0,B02
201600000547,0.0,31,0,0.0,2.0,7.0,17.0,A01
201600000548,0.0,33,0,0.0,0.0,7.0,12.0,A01
201600000549,0.0,7,0,0.0,2.0,2.0,1.0,A01
201600000549,0.0,7,0,0.0,2.0,3.0,9.0,B02
201600000550,0.0,33,0,16.0,0.0,0.0,2.0,A01
201600000551,0.0,7,0,0.0,2.0,8.0,15.0,A01
201600000551,0.0,7,0,0.0,2.0,1.0,1.0,B02
201600000552,2.0,7,0,0.0,0.0,0.0,0.0,A01
201600000552,1.0,7,0,0.0,0.0,0.0,0.0,B02
201600000552,1.0,7,0,0.0,0.0,0.0,0.0,C03
201600000553,0.0,33,0,0.0,2.0,2.0,17.0,B02
201600000553,0.0,7,0,0.0,0.0,8.0,20.0,A01
201600000554,0.0,7,0,0.0,2.0,1.0,1.0,B02
201600000554,0.0,7,0,0.0,2.0,1.0,1.0,A01
201600000555,0.0,10,0,0.0,0.0,0.0,0.0,B02
201600000555,0.0,7,0,0.0,0.0,0.0,0.0,A01
201600000556,0.0,13,0,0.0,0.0,0.0,0.0,B02
201600000556,0.0,7,0,0.0,0.0,0.0,0.0,A01
201600000557,0.0,1,0,0.0,2.0,1.0,1.0,B02
201600000557,0.0,7,0,0.0,2.0,3.0,1.0,A01
201600000558,0.0,7,0,0.0,0.0,1.0,0.0,B02
201600000558,0.0,7,0,0.0,0.0,2.0,15.0,A01
201600000559,0.0,7,0,0.0,1.0,0.0,0.0,A01
201600000560,1.0,33,0,0.0,2.0,1.0,13.0,A01
201600000560,2.0,7,0,0.0,2.0,3.0,1.0,B02
201600000561,1.0,7,0,0.0,1.0,3.0,19.0,A01
201600000562,0.0,7,0,0.0,0.0,0.0,0.0,A01
201600000562,0.0,1,0,0.0,0.0,0.0,0.0,B02
201600000563,0.0,7,0,0.0,2.0,3.0,17.0,A01
201600000563,0.0,7,0,0.0,2.0,3.0,1.0,B02
201600000564,0.0,7,0,0.0,0.0,0.0,0.0,A01
201600000564,0.0,7,0,0.0,0.0,0.0,0.0,B02
201600000565,2.0,7,0,0.0,4.0,7.0,23.0,A01
201600000565,1.0,39,0,0.0,2.0,1.0,1.0,B02
201600000566,2.0,7,0,11.0,0.0,1.0,0.0,A01
201600000567,1.0,7,0,13.0,0.0,1.0,3.0,A01
201600000567,1.0,7,0,13.0,0.0,4.0,1.0,B02
201600000568,1.0,34,0,0.0,2.0,1.0,1.0,A01
201600000568,0.0,7,0,0.0,2.0,6.0,19.0,B02
201600000569,0.0,10,0,0.0,2.0,1.0,15.0,A01
201600000569,1.0,33,0,0.0,2.0,1.0,1.0,B02
201600000570,0.0,7,0,0.0,2.0,2.0,1.0,B02
201600000570,0.0,7,0,0.0,2.0,3.0,5.0,A01
201600000571,2.0,7,0,2.0,0.0,1.0,1.0,A01
201600000572,0.0,7,0,0.0,1.0,0.0,0.0,A01
201600000573,0.0,7,0,0.0,2.0,7.0,13.0,A01
201600000573,0.0,7,0,0.0,2.0,1.0,1.0,B02
201600000574,1.0,7,0,0.0,0.0,1.0,1.0,B02
201600000574,2.0,7,0,0.0,0.0,1.0,13.0,A01
201600000575,0.0,10,0,0.0,0.0,6.0,1.0,B02
201600000575,0.0,7,0,0.0,0.0,2.0,16.0,A01
201600000576,0.0,17,0,0.0,2.0,2.0,1.0,B02
201600000576,0.0,14,0,0.0,2.0,8.0,16.0,A01
201600000577,0.0,7,0,0.0,2.0,3.0,13.0,B02
201600000577,0.0,7,0,0.0,2.0,1.0,1.0,A01
201600000578,0.0,7,0,0.0,0.0,3.0,1.0,A01
201600000578,0.0,7,0,0.0,0.0,3.0,1.0,B02
201600000579,2.0,33,0,3.0,0.0,7.0,1.0,A01
201600000580,0.0,7,0,0.0,2.0,7.0,0.0,A01
201600000580,0.0,7,0,0.0,2.0,3.0,1.0,B02
201600000581,1.0,33,0,0.0,2.0,1.0,1.0,A01
201600000581,1.0,7,0,0.0,2.0,4.0,1.0,B02
201600000582,2.0,1,0,0.0,2.0,8.0,1.0,B02
201600000582,2.0,7,0,0.0,2.0,2.0,2.0,A01
201600000583,1.0,7,0,0.0,2.0,2.0,1.0,A01
201600000583,1.0,1,0,0.0,2.0,8.0,1.0,B02
201600000584,2.0,33,0,0.0,2.0,1.0,1.0,A01
201600000584,1.0,7,0,0.0,2.0,8.0,19.0,B02
201600000585,2.0,2,0,0.0,2.0,1.0,13.0,A01
201600000585,1.0,7,0,0.0,2.0,3.0,1.0,B02
201600000586,2.0,7,0,0.0,0.0,3.0,1.0,B02
201600000586,1.0,10,0,0.0,0.0,2.0,1.0,A01
201600000587,0.0,7,0,0.0,0.0,3.0,1.0,B02
201600000587,0.0,2,0,0.0,0.0,1.0,1.0,A01
201600000588,1.0,2,0,0.0,2.0,2.0,17.0,A01
201600000588,1.0,10,0,0.0,0.0,3.0,15.0,B02
201600000589,1.0,7,0,0.0,2.0,8.0,19.0,A01
201600000589,1.0,10,0,0.0,2.0,1.0,1.0,B02
201600000590,1.0,30,0,0.0,0.0,7.0,1.0,A01
201600000591,1.0,7,0,13.0,2.0,8.0,1.0,B02
201600000591,1.0,7,0,0.0,2.0,1.0,1.0,A01
201600000592,1.0,7,0,0.0,1.0,1.0,2.0,A01
201600000593,2.0,7,0,0.0,0.0,7.0,1.0,A01
201600000594,1.0,33,0,6.0,0.0,1.0,1.0,A01
201600000595,0.0,7,0,6.0,0.0,1.0,1.0,A01
201600000596,0.0,7,0,0.0,2.0,1.0,1.0,A01
201600000596,0.0,30,0,0.0,2.0,7.0,15.0,B02
201600000597,0.0,7,0,13.0,0.0,3.0,1.0,A01
201600000598,1.0,33,0,0.0,2.0,8.0,1.0,A01
201600000598,0.0,7,0,0.0,2.0,1.0,19.0,B02
201600000599,1.0,7,0,0.0,2.0,3.0,15.0,A01
201600000599,1.0,14,0,0.0,2.0,1.0,1.0,B02
201600000600,0.0,1,0,0.0,2.0,3.0,19.0,A01
201600000600,0.0,7,0,0.0,2.0,2.0,1.0,B02
201600000601,0.0,7,0,0.0,2.0,3.0,15.0,A01
201600000601,0.0,7,0,0.0,2.0,1.0,1.0,B02
201600000602,1.0,7,0,2.0,0.0,7.0,1.0,A01
201600000603,0.0,7,0,0.0,2.0,1.0,15.0,A01
201600000603,0.0,7,0,0.0,2.0,7.0,1.0,B02
201600000604,2.0,7,0,0.0,1.0,2.0,17.0,A01
201600000605,0.0,33,0,0.0,0.0,0.0,21.0,A01
201600000606,2.0,7,0,0.0,0.0,5.0,1.0,B02
201600000606,1.0,7,0,0.0,0.0,2.0,15.0,A01
201600000607,1.0,33,0,0.0,2.0,1.0,1.0,A01
201600000607,1.0,7,0,0.0,0.0,6.0,1.0,B02
201600000608,2.0,7,0,2.0,0.0,1.0,13.0,A01
201600000609,1.0,7,0,0.0,2.0,1.0,13.0,A01
201600000609,1.0,7,0,0.0,2.0,2.0,2.0,B01
201600000610,2.0,7,0,0.0,2.0,3.0,1.0,B01
201600000610,1.0,7,0,0.0,2.0,1.0,13.0,A01
201600000611,1.0,31,0,0.0,2.0,1.0,1.0,B02
201600000611,2.0,7,0,0.0,2.0,1.0,17.0,A01
201600000612,1.0,33,0,0.0,2.0,1.0,1.0,B02
201600000612,1.0,10,0,0.0,2.0,3.0,9.0,A01
201600000613,0.0,7,0,0.0,2.0,6.0,4.0,B02
201600000613,0.0,33,0,0.0,2.0,1.0,1.0,A01
201600000614,1.0,7,0,8.0,0.0,6.0,0.0,A01
201600000615,2.0,7,0,0.0,0.0,4.0,16.0,B02
201600000615,2.0,30,0,0.0,2.0,1.0,2.0,A01
201600000616,2.0,1,0,0.0,2.0,1.0,2.0,A01
201600000616,2.0,1,0,0.0,2.0,4.0,2.0,B02
201600000617,2.0,7,0,0.0,2.0,3.0,1.0,A01
201600000617,1.0,7,0,0.0,2.0,3.0,1.0,B02
201600000618,2.0,7,0,0.0,2.0,7.0,17.0,B02
201600000618,2.0,1,0,0.0,2.0,8.0,1.0,A01
201600000619,0.0,7,0,0.0,0.0,3.0,0.0,B02
201600000619,0.0,7,0,0.0,0.0,8.0,0.0,C03
201600000619,0.0,33,0,0.0,0.0,3.0,13.0,A01
201600000620,0.0,7,0,0.0,0.0,8.0,10.0,A01
201600000620,0.0,33,0,0.0,2.0,1.0,1.0,B02
201600000621,0.0,7,0,2.0,0.0,1.0,21.0,A01
201600000622,0.0,7,0,1.0,0.0,1.0,11.0,A01
201600000623,0.0,33,0,0.0,0.0,1.0,1.0,A01
201600000624,0.0,33,0,0.0,0.0,7.0,17.0,A01
201600000625,1.0,33,0,11.0,0.0,1.0,1.0,A01
201600000626,1.0,38,0,0.0,2.0,3.0,1.0,B02
201600000626,2.0,7,0,0.0,2.0,3.0,1.0,A01
201600000627,1.0,7,0,0.0,1.0,1.0,1.0,A01
201600000628,1.0,7,0,0.0,2.0,3.0,1.0,C03
201600000628,1.0,7,0,0.0,2.0,3.0,1.0,B02
201600000628,2.0,7,0,0.0,2.0,3.0,13.0,A01
201600000629,1.0,33,0,0.0,2.0,8.0,17.0,B02
201600000629,2.0,7,0,0.0,2.0,3.0,16.0,A01
201600000630,1.0,7,0,2.0,0.0,3.0,1.0,A01
201600000631,2.0,7,0,0.0,0.0,3.0,13.0,A01
201600000631,1.0,7,0,0.0,2.0,3.0,1.0,B02
201600000632,0.0,7,0,0.0,2.0,1.0,15.0,A01
201600000632,0.0,1,0,0.0,2.0,1.0,1.0,B02
201600000633,2.0,21,0,0.0,2.0,5.0,15.0,A01
201600000633,1.0,33,0,0.0,2.0,1.0,1.0,B02
201600000634,1.0,7,0,0.0,0.0,8.0,1.0,B02
201600000634,2.0,7,0,0.0,2.0,1.0,19.0,A01
201600000635,1.0,33,0,0.0,2.0,1.0,11.0,A01
201600000635,1.0,38,0,0.0,2.0,3.0,19.0,B02
201600000636,0.0,10,0,13.0,0.0,2.0,13.0,A01
201600000637,0.0,30,0,0.0,0.0,1.0,1.0,A01
201600000638,1.0,17,0,0.0,0.0,8.0,1.0,A01
201600000638,0.0,17,0,0.0,0.0,1.0,19.0,B02
201600000639,0.0,7,0,0.0,1.0,2.0,16.0,A01
201600000640,2.0,33,0,0.0,2.0,1.0,1.0,B02
201600000640,0.0,7,0,0.0,2.0,3.0,16.0,A01
201600000641,0.0,33,0,16.0,0.0,1.0,1.0,A01
201600000642,0.0,33,0,11.0,0.0,1.0,1.0,A01
201600000643,1.0,7,0,0.0,2.0,1.0,17.0,A01
201600000643,2.0,7,0,0.0,2.0,1.0,1.0,B02
201600000644,1.0,7,0,0.0,2.0,0.0,17.0,A01
201600000644,1.0,7,0,0.0,2.0,0.0,1.0,B02
201600000645,1.0,1,0,0.0,2.0,1.0,1.0,B02
201600000645,2.0,7,0,0.0,9.0,1.0,13.0,A01
201600000646,1.0,7,0,0.0,2.0,7.0,13.0,A01
201600000646,2.0,7,0,0.0,2.0,1.0,1.0,B02
201600000647,0.0,7,0,0.0,2.0,1.0,0.0,B02
201600000647,0.0,7,0,0.0,0.0,7.0,1.0,A01
201600000648,1.0,33,0,0.0,2.0,2.0,1.0,A01
201600000648,0.0,7,0,0.0,2.0,3.0,19.0,B02
201600000649,1.0,7,0,2.0,0.0,2.0,1.0,A01
201600000650,2.0,7,0,0.0,1.0,2.0,1.0,A01
201600000651,0.0,7,0,13.0,0.0,3.0,0.0,A01
201600000652,1.0,31,0,0.0,2.0,0.0,17.0,A01
201600000652,0.0,30,0,0.0,0.0,0.0,19.0,B02
201600000653,2.0,14,0,1.0,2.0,3.0,15.0,A01
201600000653,1.0,31,0,0.0,2.0,1.0,1.0,B02
201600000654,1.0,7,0,0.0,1.0,2.0,1.0,A01
201600000655,1.0,2,0,0.0,2.0,1.0,1.0,A01
201600000655,2.0,1,0,0.0,2.0,1.0,1.0,B02
201600000656,2.0,7,0,16.0,0.0,8.0,13.0,A01
201600000657,1.0,7,0,0.0,5.0,1.0,1.0,A01
201600000658,1.0,7,0,0.0,2.0,1.0,1.0,A01
201600000658,2.0,1,0,0.0,2.0,7.0,16.0,B02
201600000659,0.0,7,0,2.0,0.0,1.0,0.0,A01
201600000660,2.0,30,0,0.0,2.0,1.0,1.0,A01
201600000660,2.0,7,0,0.0,2.0,8.0,10.0,B02
201600000661,2.0,7,0,0.0,2.0,8.0,1.0,B02
201600000661,2.0,7,0,0.0,2.0,1.0,19.0,A01
201600000662,2.0,7,0,0.0,2.0,4.0,2.0,B02
201600000662,2.0,7,0,0.0,2.0,1.0,1.0,A01
201600000663,2.0,7,0,0.0,2.0,3.0,15.0,B02
201600000663,2.0,7,0,0.0,2.0,2.0,13.0,A01
201600000664,1.0,7,0,0.0,2.0,2.0,1.0,A01
201600000664,2.0,1,0,0.0,2.0,1.0,16.0,B02
201600000665,1.0,7,0,0.0,2.0,3.0,1.0,B02
201600000665,2.0,7,0,0.0,2.0,3.0,13.0,A01
201600000666,2.0,7,0,0.0,2.0,2.0,1.0,C03
201600000666,2.0,7,0,0.0,2.0,1.0,1.0,B02
201600000666,1.0,7,0,0.0,2.0,1.0,13.0,A01
201600000667,0.0,2,0,0.0,2.0,1.0,1.0,B02
201600000667,0.0,7,0,0.0,0.0,8.0,10.0,A01
201600000668,0.0,7,0,8.0,0.0,1.0,1.0,A01
201600000669,2.0,7,0,2.0,0.0,1.0,0.0,A01
201600000670,1.0,7,0,0.0,2.0,1.0,1.0,B02
201600000670,2.0,7,0,0.0,2.0,5.0,1.0,A01
201600000671,0.0,3,0,0.0,2.0,3.0,1.0,A01
201600000671,0.0,7,0,0.0,2.0,3.0,11.0,B02
201600000672,2.0,7,0,0.0,2.0,2.0,17.0,A01
201600000672,2.0,7,0,0.0,0.0,3.0,15.0,B02
201600000673,0.0,33,0,0.0,0.0,4.0,2.0,B02
201600000673,0.0,31,0,0.0,2.0,1.0,2.0,C03
201600000673,0.0,31,0,0.0,2.0,1.0,2.0,A01
201600000674,2.0,7,0,0.0,2.0,4.0,2.0,B02
201600000674,2.0,33,0,0.0,2.0,1.0,2.0,A01
201600000675,2.0,7,0,2.0,0.0,9.0,1.0,A01
201600000676,2.0,7,0,0.0,2.0,1.0,1.0,A01
201600000676,2.0,7,0,0.0,2.0,4.0,23.0,B01
201600000676,2.0,7,0,0.0,2.0,4.0,23.0,C01
201600000676,2.0,7,0,0.0,0.0,4.0,23.0,D01
201600000676,1.0,7,0,0.0,2.0,1.0,1.0,E01
201600000677,0.0,33,0,8.0,0.0,0.0,1.0,A01
201600000678,0.0,7,0,0.0,2.0,7.0,19.0,A01
201600000678,0.0,2,0,0.0,2.0,1.0,1.0,B01
201600000679,2.0,7,0,13.0,0.0,3.0,1.0,A01
201600000680,1.0,21,0,0.0,9.0,1.0,15.0,A01
201600000680,2.0,2,0,14.0,0.0,1.0,1.0,B02
201600000681,2.0,7,0,13.0,0.0,1.0,14.0,A01
201600000682,1.0,7,0,0.0,5.0,1.0,1.0,A01
201600000683,2.0,7,0,0.0,2.0,1.0,1.0,B02
201600000683,1.0,10,0,0.0,2.0,8.0,15.0,A01
201600000684,2.0,7,0,0.0,2.0,1.0,1.0,B02
201600000684,0.0,7,0,0.0,2.0,5.0,1.0,A01
201600000685,1.0,33,0,0.0,0.0,9.0,1.0,A01
201600000686,2.0,14,0,0.0,2.0,3.0,1.0,B02
201600000686,1.0,7,0,0.0,2.0,3.0,13.0,A01
201600000687,2.0,37,2,0.0,0.0,4.0,23.0,B02
201600000687,2.0,37,14,0.0,0.0,1.0,2.0,A01
201600000688,1.0,17,0,1.0,0.0,2.0,21.0,A01
201600000689,0.0,7,0,0.0,0.0,1.0,15.0,A01
201600000690,0.0,7,0,0.0,2.0,3.0,1.0,A01
201600000690,0.0,7,0,0.0,2.0,3.0,0.0,B02
201600000691,0.0,30,0,0.0,2.0,8.0,1.0,B02
201600000691,0.0,37,1,0.0,2.0,8.0,23.0,A01
201600000692,0.0,7,0,0.0,2.0,6.0,1.0,A01
201600000692,0.0,33,0,0.0,2.0,0.0,21.0,B02
201600000693,1.0,7,0,0.0,2.0,1.0,1.0,A01
201600000693,2.0,7,0,0.0,2.0,2.0,15.0,B02
201600000694,0.0,7,0,13.0,0.0,2.0,1.0,A01
201600000695,0.0,7,0,0.0,2.0,1.0,2.0,B02
201600000695,0.0,7,0,0.0,2.0,4.0,2.0,A01
201600000696,0.0,33,0,0.0,0.0,0.0,0.0,A01
201600000697,1.0,7,0,0.0,2.0,1.0,1.0,B02
201600000697,2.0,7,0,0.0,2.0,1.0,13.0,A01
201600000698,2.0,7,0,0.0,2.0,8.0,1.0,B02
201600000698,1.0,7,0,13.0,2.0,1.0,1.0,A01
201600000699,1.0,33,0,0.0,2.0,1.0,1.0,B02
201600000699,1.0,7,0,0.0,0.0,3.0,10.0,A01
201600000700,1.0,7,0,13.0,0.0,1.0,1.0,A01
201600000701,2.0,7,0,2.0,0.0,7.0,1.0,A01
201600000702,0.0,7,0,0.0,2.0,6.0,1.0,A01
201600000702,0.0,7,0,0.0,2.0,1.0,17.0,B02
201600000703,2.0,33,0,16.0,0.0,8.0,21.0,A01
201600000704,0.0,33,0,0.0,2.0,1.0,1.0,A01
201600000704,2.0,3,0,0.0,0.0,3.0,15.0,B02
201600000705,1.0,7,0,0.0,2.0,3.0,1.0,B02
201600000705,0.0,7,0,0.0,2.0,3.0,17.0,A01
201600000706,1.0,7,0,7.0,2.0,3.0,1.0,A01
201600000706,0.0,7,0,0.0,2.0,2.0,1.0,B02
201600000707,0.0,7,0,8.0,0.0,1.0,1.0,A01
201600000708,2.0,7,0,0.0,1.0,1.0,1.0,A01
201600000709,2.0,7,0,2.0,0.0,3.0,1.0,A01
201600000710,2.0,7,0,13.0,0.0,5.0,1.0,A01
201600000711,2.0,7,0,0.0,0.0,1.0,1.0,A01
201600000711,0.0,7,0,0.0,0.0,8.0,19.0,B02
201600000712,2.0,10,0,0.0,2.0,1.0,1.0,B02
201600000712,1.0,7,0,0.0,2.0,3.0,16.0,A01
201600000713,2.0,30,0,0.0,2.0,1.0,17.0,B02
201600000713,2.0,21,0,0.0,0.0,3.0,15.0,A01
201600000714,1.0,10,0,0.0,2.0,3.0,17.0,A01
201600000714,2.0,1,0,0.0,2.0,1.0,1.0,B02
201600000715,0.0,7,0,8.0,0.0,8.0,1.0,A01
201600000716,0.0,7,0,0.0,2.0,1.0,0.0,B02
201600000716,0.0,7,0,0.0,2.0,2.0,0.0,A01
201600000717,2.0,7,0,0.0,2.0,6.0,19.0,A01
201600000717,2.0,7,0,0.0,2.0,1.0,1.0,B01
201600000718,2.0,7,0,0.0,2.0,1.0,0.0,B02
201600000718,1.0,7,0,0.0,2.0,1.0,13.0,A01
201600000719,2.0,7,0,0.0,2.0,1.0,17.0,A01
201600000719,1.0,7,0,0.0,2.0,1.0,1.0,B02
201600000720,1.0,7,0,0.0,2.0,3.0,1.0,B02
201600000720,2.0,2,0,0.0,2.0,1.0,5.0,A01
201600000721,1.0,7,0,0.0,2.0,1.0,1.0,B02
201600000721,1.0,7,0,0.0,0.0,7.0,19.0,A01
201600000722,0.0,30,0,0.0,2.0,1.0,19.0,A01
201600000722,0.0,7,0,0.0,2.0,3.0,1.0,B02
201600000723,1.0,7,0,0.0,1.0,1.0,1.0,A01
201600000724,1.0,39,1,0.0,2.0,1.0,1.0,B02
201600000724,1.0,1,0,0.0,4.0,0.0,0.0,A01
201600000725,0.0,7,0,8.0,2.0,2.0,19.0,A01
201600000725,0.0,7,0,0.0,2.0,3.0,1.0,B02
201600000726,2.0,7,0,0.0,2.0,3.0,11.0,B02
201600000726,2.0,10,0,2.0,2.0,2.0,17.0,A01
201600000727,1.0,7,0,2.0,0.0,1.0,1.0,A01
201600000728,1.0,7,0,8.0,0.0,8.0,1.0,A01
201600000729,0.0,7,0,0.0,2.0,2.0,1.0,A01
201600000729,0.0,7,0,0.0,2.0,8.0,1.0,B02
201600000730,0.0,7,0,0.0,0.0,8.0,1.0,B02
201600000730,0.0,7,0,0.0,2.0,1.0,1.0,A01
201600000731,0.0,7,0,13.0,0.0,1.0,1.0,A01
201600000732,2.0,7,0,0.0,0.0,3.0,1.0,A01
201600000733,0.0,7,0,0.0,1.0,7.0,1.0,A01
201600000734,1.0,7,0,0.0,2.0,2.0,19.0,A01
201600000734,2.0,7,0,0.0,2.0,3.0,1.0,B02
201600000735,2.0,7,0,0.0,2.0,7.0,5.0,A01
201600000735,1.0,7,0,0.0,2.0,7.0,5.0,B02
201600000736,1.0,7,0,0.0,2.0,1.0,19.0,A01
201600000736,2.0,7,0,0.0,2.0,3.0,19.0,B02
201600000737,2.0,33,0,0.0,2.0,1.0,1.0,A01
201600000737,0.0,7,0,0.0,2.0,2.0,19.0,B02
201600000738,1.0,33,0,0.0,0.0,1.0,19.0,A01
201600000739,0.0,7,0,0.0,1.0,2.0,1.0,A01
201600000740,2.0,7,0,0.0,0.0,9.0,1.0,A01
201600000741,0.0,7,0,15.0,1.0,4.0,4.0,A01
201600000742,2.0,33,0,0.0,2.0,1.0,1.0,B02
201600000742,1.0,7,0,0.0,2.0,7.0,15.0,A01
201600000743,1.0,7,0,0.0,2.0,1.0,1.0,C03
201600000743,1.0,30,0,0.0,2.0,9.0,1.0,B02
201600000743,1.0,7,0,0.0,2.0,4.0,1.0,A01
201600000744,1.0,7,0,0.0,2.0,1.0,13.0,A01
201600000744,2.0,7,0,0.0,2.0,1.0,1.0,B02
201600000745,1.0,7,0,0.0,2.0,3.0,1.0,A01
201600000745,2.0,31,0,0.0,2.0,1.0,17.0,B02
201600000746,1.0,7,0,0.0,2.0,3.0,1.0,A01
201600000746,2.0,7,0,0.0,2.0,8.0,1.0,B02
201600000747,2.0,33,0,0.0,0.0,1.0,1.0,A01
201600000748,0.0,30,0,0.0,2.0,3.0,1.0,B02
201600000748,0.0,20,0,1.0,2.0,4.0,4.0,A01
201600000749,1.0,20,0,13.0,0.0,7.0,1.0,A01
201600000750,1.0,7,0,6.0,0.0,1.0,0.0,A01
201600000751,0.0,7,0,0.0,1.0,2.0,19.0,A01
201600000752,2.0,7,0,15.0,0.0,1.0,1.0,A01
201600000753,2.0,7,0,0.0,2.0,1.0,1.0,A01
201600000753,1.0,7,0,0.0,2.0,1.0,1.0,B02
201600000754,0.0,10,0,0.0,2.0,3.0,1.0,B02
201600000754,0.0,7,0,0.0,2.0,3.0,1.0,A01
201600000755,0.0,33,0,12.0,0.0,1.0,0.0,A01
201600000756,1.0,7,0,6.0,0.0,1.0,1.0,A01
201600000757,1.0,7,0,0.0,0.0,7.0,15.0,A01
201600000757,2.0,33,0,0.0,0.0,1.0,1.0,B02
201600000758,2.0,33,0,12.0,0.0,1.0,0.0,A01
201600000759,2.0,7,0,15.0,0.0,9.0,1.0,A01
201600000760,2.0,33,0,0.0,0.0,6.0,2.0,B02
201600000760,2.0,33,0,0.0,2.0,2.0,2.0,A01
201600000761,1.0,1,0,0.0,2.0,4.0,2.0,B02
201600000761,1.0,7,0,0.0,2.0,2.0,2.0,A01
201600000762,0.0,7,0,2.0,0.0,3.0,1.0,A01
201600000763,0.0,7,0,0.0,0.0,1.0,0.0,A01
201600000764,0.0,7,0,0.0,2.0,1.0,0.0,B02
201600000764,0.0,10,0,0.0,2.0,1.0,0.0,A01
201600000765,1.0,7,0,2.0,0.0,3.0,1.0,A01
201600000766,2.0,7,0,0.0,2.0,3.0,1.0,A01
201600000766,1.0,17,0,0.0,0.0,0.0,0.0,B02
201600000767,0.0,31,0,0.0,2.0,5.0,0.0,A01