Num_Acc,senc,catv,occutc,obs,obsm,choc,manv,num_veh
201600001020,0.0,7,0,0.0,2.0,7.0,19.0,A01
201600001021,1.0,2,0,,,,,Z01
201600001021,0.0,30,0,0.0,2.0,8.0,1.0,A01
201600001022,0.0,10,0,0.0,1.0,2.0,1.0,A01
201600001023,1.0,7,0,0.0,2.0,1.0,13.0,A01
201600001023,2.0,7,0,0.0,2.0,0.0,1.0,B02
201600001024,2.0,1,0,0.0,2.0,8.0,19.0,A01
201600001024,1.0,7,0,0.0,2.0,2.0,1.0,B02
201600001025,2.0,7,0,0.0,2.0,2.0,15.0,A01
201600001025,1.0,1,0,0.0,2.0,1.0,1.0,B02
201600001026,0.0,7,0,0.0,1.0,1.0,1.0,A01
201600001027,2.0,30,0,5.0,0.0,1.0,1.0,A01
201600001028,2.0,7,0,0.0,2.0,1.0,1.0,A01
201600001028,1.0,7,0,0.0,2.0,1.0,15.0,B02
201600001029,1.0,10,0,0.0,2.0,1.0,1.0,B02
201600001029,0.0,7,0,0.0,2.0,8.0,15.0,A01
201600001030,1.0,2,0,0.0,2.0,1.0,9.0,A01
201600001030,1.0,7,0,0.0,2.0,6.0,1.0,B02
201600001031,1.0,7,0,0.0,1.0,2.0,1.0,A01
201600001032,0.0,7,0,0.0,2.0,1.0,13.0,A01
201600001032,0.0,7,0,0.0,2.0,1.0,1.0,B02
201600001033,0.0,30,0,0.0,0.0,1.0,1.0,A01
201600001034,0.0,30,0,0.0,2.0,1.0,1.0,A01
201600001034,0.0,7,0,0.0,2.0,3.0,15.0,B02
201600001035,1.0,7,0,0.0,1.0,1.0,1.0,A01
201600001036,1.0,7,0,0.0,2.0,6.0,15.0,A01
201600001036,1.0,31,0,0.0,2.0,1.0,2.0,B02
201600001037,1.0,7,0,0.0,2.0,3.0,1.0,A01
201600001037,2.0,7,0,0.0,2.0,3.0,1.0,B02
201600001038,2.0,31,0,0.0,2.0,1.0,19.0,B02
201600001038,2.0,7,0,0.0,2.0,3.0,16.0,A01
201600001039,1.0,7,0,2.0,0.0,7.0,13.0,A01
201600001040,2.0,7,0,0.0,2.0,1.0,1.0,A01
201600001040,1.0,32,0,0.0,2.0,1.0,5.0,B02
201600001041,1.0,7,0,0.0,2.0,3.0,1.0,B02
201600001041,1.0,7,0,0.0,2.0,2.0,19.0,A01
201600001042,1.0,1,0,0.0,1.0,1.0,1.0,A01
201600001043,1.0,33,0,0.0,2.0,1.0,17.0,A01
201600001043,1.0,7,0,0.0,2.0,7.0,19.0,B02
201600001044,2.0,7,0,6.0,0.0,3.0,13.0,A01
201600001045,2.0,7,0,0.0,2.0,3.0,15.0,A01
201600001045,1.0,2,0,0.0,2.0,8.0,1.0,B02
201600001046,2.0,7,0,0.0,2.0,8.0,15.0,A01
201600001046,1.0,2,0,0.0,2.0,8.0,1.0,B02
201600001047,0.0,7,0,0.0,1.0,1.0,1.0,A01
201600001048,0.0,31,0,0.0,2.0,1.0,13.0,A01
201600001048,0.0,7,0,0.0,2.0,1.0,1.0,B02
201600001049,1.0,1,0,0.0,2.0,1.0,1.0,B02
201600001049,0.0,7,0,0.0,2.0,5.0,19.0,A01
201600001050,1.0,33,0,0.0,0.0,1.0,1.0,A01
201600001051,2.0,30,0,0.0,2.0,1.0,1.0,B02
201600001051,0.0,7,0,0.0,2.0,3.0,15.0,A01
201600001052,0.0,7,0,0.0,2.0,3.0,1.0,A01
201600001052,0.0,1,0,0.0,2.0,1.0,13.0,B02
201600001053,1.0,7,0,13.0,0.0,3.0,1.0,A01
201600001054,1.0,33,0,0.0,2.0,1.0,1.0,A01
201600001054,1.0,7,0,0.0,2.0,2.0,1.0,B02
201600001055,2.0,7,0,0.0,1.0,2.0,1.0,A01
201600001056,2.0,33,0,0.0,2.0,1.0,1.0,B02
201600001056,1.0,7,0,0.0,2.0,3.0,15.0,A01
201600001057,1.0,7,0,0.0,1.0,2.0,1.0,A01
201600001058,2.0,1,0,0.0,2.0,0.0,2.0,A01
201600001058,2.0,7,0,0.0,2.0,7.0,2.0,B02
201600001059,1.0,7,0,0.0,2.0,3.0,19.0,B02
201600001059,2.0,30,0,0.0,2.0,1.0,1.0,A01
201600001060,1.0,7,0,0.0,2.0,3.0,17.0,A01
201600001060,2.0,1,0,0.0,2.0,1.0,1.0,B02
201600001061,1.0,7,0,0.0,2.0,7.0,15.0,A01
201600001061,2.0,33,0,0.0,2.0,1.0,1.0,B02
201600001062,1.0,7,0,0.0,1.0,2.0,1.0,A01
201600001063,1.0,33,0,0.0,2.0,8.0,1.0,A01
201600001063,2.0,7,0,0.0,2.0,2.0,19.0,B02
201600001064,1.0,7,0,3.0,2.0,5.0,19.0,A01
201600001064,2.0,7,0,0.0,2.0,1.0,1.0,B02
201600001065,2.0,10,0,0.0,2.0,1.0,13.0,A01
201600001065,1.0,7,0,0.0,2.0,1.0,1.0,B02
201600001066,1.0,7,0,0.0,2.0,3.0,13.0,A01
201600001066,1.0,31,0,0.0,2.0,1.0,17.0,B02
201600001067,1.0,7,0,0.0,2.0,4.0,1.0,A01
201600001067,1.0,33,0,0.0,2.0,1.0,1.0,B02
201600001068,1.0,7,0,0.0,2.0,3.0,1.0,A01
201600001068,2.0,7,0,0.0,2.0,1.0,15.0,B02
201600001069,0.0,7,0,0.0,1.0,2.0,1.0,A01
201600001070,0.0,7,0,0.0,2.0,3.0,1.0,A01
201600001070,0.0,1,0,0.0,2.0,1.0,5.0,B02
201600001071,2.0,7,0,0.0,2.0,3.0,13.0,A01
201600001071,1.0,3,0,0.0,2.0,1.0,1.0,B02
201600001072,0.0,7,0,0.0,1.0,2.0,15.0,A01
201600001073,1.0,7,0,0.0,2.0,1.0,1.0,A01
201600001073,2.0,7,0,0.0,2.0,1.0,1.0,B02
201600001074,2.0,30,0,1.0,0.0,1.0,1.0,A01
201600001075,0.0,1,0,0.0,0.0,2.0,1.0,A01
201600001076,0.0,30,0,0.0,1.0,1.0,1.0,A01
201600001077,0.0,7,0,0.0,2.0,5.0,1.0,A01
201600001077,0.0,10,0,0.0,2.0,2.0,1.0,B02
201600001078,2.0,7,0,0.0,1.0,2.0,1.0,A01
201600001079,2.0,10,0,0.0,1.0,1.0,2.0,A01
201600001080,2.0,30,0,0.0,0.0,1.0,1.0,A01
201600001081,1.0,7,0,3.0,0.0,1.0,1.0,A01
201600001082,1.0,10,0,0.0,2.0,3.0,13.0,A01
201600001082,2.0,7,0,0.0,2.0,2.0,1.0,B02
201600001083,1.0,33,0,0.0,0.0,0.0,0.0,A01
201600001084,0.0,30,0,0.0,2.0,3.0,16.0,A01
201600001084,0.0,7,0,0.0,2.0,3.0,1.0,B02
201600001085,1.0,7,0,0.0,2.0,8.0,19.0,A01
201600001085,1.0,33,0,0.0,2.0,8.0,17.0,B02
201600001086,2.0,7,0,13.0,0.0,1.0,13.0,A01
201600001087,0.0,7,0,0.0,1.0,1.0,1.0,A01
201600001088,1.0,7,0,0.0,2.0,1.0,1.0,A01
201600001088,1.0,7,0,0.0,0.0,4.0,1.0,B02
201600001089,1.0,7,0,0.0,0.0,6.0,13.0,A01
201600001089,1.0,7,0,0.0,2.0,1.0,21.0,B02
201600001089,1.0,7,0,0.0,2.0,1.0,1.0,C03
201600001089,1.0,7,0,0.0,2.0,1.0,21.0,D04
201600001090,2.0,7,0,0.0,1.0,2.0,1.0,A01
201600001091,2.0,2,0,0.0,2.0,1.0,1.0,B02
201600001091,0.0,7,0,0.0,2.0,7.0,19.0,A01
201600001092,1.0,7,0,0.0,2.0,1.0,13.0,A01
201600001092,2.0,7,0,0.0,2.0,1.0,1.0,B02
201600001093,2.0,7,0,2.0,0.0,2.0,14.0,A01
201600001094,2.0,7,0,0.0,0.0,0.0,1.0,A01
201600001094,1.0,1,0,0.0,2.0,8.0,1.0,B02
201600001095,2.0,7,0,0.0,0.0,2.0,14.0,A01
201600001096,2.0,7,0,0.0,2.0,1.0,1.0,A01
201600001096,2.0,7,0,0.0,2.0,4.0,1.0,B02
201600001096,2.0,7,0,0.0,0.0,4.0,15.0,C03
201600001097,0.0,7,0,0.0,1.0,4.0,4.0,A01
201600001098,2.0,2,0,0.0,2.0,1.0,13.0,A01
201600001098,1.0,7,0,0.0,2.0,6.0,23.0,B02
201600001099,2.0,10,0,0.0,9.0,3.0,0.0,A01
201600001100,0.0,2,0,0.0,0.0,1.0,1.0,A01
201600001101,1.0,30,0,11.0,0.0,1.0,1.0,A01
201600001102,2.0,7,0,0.0,1.0,2.0,1.0,A01
201600001103,1.0,7,0,13.0,0.0,2.0,1.0,A01
201600001104,0.0,7,0,0.0,2.0,3.0,1.0,B02
201600001104,0.0,7,0,0.0,2.0,3.0,13.0,A01
201600001105,1.0,7,0,0.0,1.0,2.0,1.0,A01
201600001106,0.0,21,0,0.0,2.0,7.0,15.0,A01
201600001106,0.0,7,0,0.0,2.0,1.0,1.0,B02
201600001107,1.0,7,0,0.0,2.0,1.0,1.0,B02
201600001107,2.0,7,0,0.0,2.0,1.0,1.0,A01
201600001108,0.0,7,0,0.0,2.0,1.0,2.0,A01
201600001108,0.0,1,0,0.0,0.0,4.0,2.0,B02
201600001109,1.0,31,0,0.0,2.0,2.0,17.0,A01
201600001109,1.0,10,0,0.0,2.0,6.0,15.0,B02
201600001110,0.0,7,0,0.0,2.0,3.0,15.0,A01
201600001110,0.0,10,0,0.0,2.0,1.0,1.0,B02
201600001111,0.0,7,0,0.0,1.0,2.0,1.0,A01
201600001112,2.0,7,0,0.0,2.0,1.0,13.0,A01
201600001112,1.0,7,0,0.0,2.0,1.0,1.0,B02
201600001113,2.0,7,0,0.0,2.0,1.0,1.0,A01
201600001113,0.0,7,0,0.0,2.0,7.0,19.0,B02
201600001114,2.0,7,0,0.0,2.0,2.0,1.0,B02
201600001114,1.0,7,0,0.0,2.0,7.0,13.0,A01
201600001115,2.0,7,0,0.0,2.0,1.0,1.0,A01
201600001115,1.0,7,0,0.0,2.0,3.0,1.0,B02
201600001116,2.0,7,0,0.0,9.0,1.0,15.0,A01
201600001116,2.0,1,0,0.0,2.0,7.0,1.0,B02
201600001117,2.0,10,0,0.0,2.0,1.0,1.0,A01
201600001117,0.0,7,0,0.0,2.0,8.0,19.0,B02
201600001118,1.0,7,0,0.0,2.0,3.0,13.0,A01
201600001118,2.0,7,0,0.0,2.0,3.0,1.0,B02
201600001119,1.0,7,0,2.0,0.0,1.0,1.0,A01
201600001120,0.0,14,0,1.0,0.0,4.0,4.0,A01
201600001120,0.0,7,0,1.0,2.0,3.0,24.0,B02
201600001120,0.0,7,0,1.0,2.0,3.0,24.0,C03
201600001121,0.0,10,0,0.0,2.0,7.0,1.0,A01
201600001121,0.0,1,0,0.0,2.0,0.0,16.0,B02
201600001122,1.0,7,0,0.0,2.0,2.0,19.0,A01
201600001122,2.0,7,0,0.0,2.0,3.0,1.0,B02
201600001123,0.0,7,0,0.0,2.0,1.0,1.0,A01
201600001123,0.0,30,0,0.0,2.0,1.0,0.0,B02
201600001124,1.0,7,0,0.0,2.0,3.0,13.0,B02
201600001124,2.0,7,0,0.0,2.0,3.0,1.0,A01
201600001125,0.0,7,0,0.0,2.0,1.0,15.0,A01
201600001125,0.0,2,0,0.0,2.0,1.0,1.0,B02
201600001126,0.0,10,0,0.0,1.0,2.0,1.0,A01
201600001127,0.0,7,0,0.0,2.0,2.0,1.0,A01
201600001127,0.0,30,0,0.0,2.0,1.0,15.0,B02
201600001128,1.0,7,0,6.0,0.0,1.0,1.0,A01
201600001129,1.0,10,0,13.0,0.0,1.0,13.0,A01
201600001130,0.0,7,0,13.0,0.0,1.0,1.0,A01
201600001131,1.0,7,0,13.0,0.0,2.0,14.0,A01
201600001132,1.0,7,0,0.0,2.0,3.0,1.0,A01
201600001132,2.0,7,0,0.0,2.0,3.0,6.0,B02
201600001133,1.0,7,0,0.0,2.0,1.0,1.0,A01
201600001133,1.0,7,0,0.0,2.0,6.0,4.0,B02
201600001134,1.0,7,0,14.0,0.0,1.0,1.0,A01
201600001135,1.0,10,0,0.0,2.0,1.0,1.0,A01
201600001135,2.0,10,0,13.0,0.0,7.0,23.0,B02
201600001136,2.0,7,0,0.0,1.0,5.0,1.0,A01
201600001137,1.0,7,0,0.0,0.0,2.0,2.0,A01
201600001137,1.0,1,0,0.0,0.0,4.0,0.0,B02
201600001137,1.0,1,0,0.0,0.0,4.0,0.0,C03
201600001138,1.0,7,0,0.0,2.0,1.0,1.0,A01
201600001138,1.0,7,0,0.0,2.0,4.0,15.0,B02
201600001139,0.0,2,0,0.0,2.0,1.0,15.0,A01
201600001139,0.0,7,0,0.0,2.0,2.0,1.0,B02
201600001140,0.0,7,0,13.0,0.0,1.0,1.0,A01
201600001141,1.0,30,0,12.0,0.0,1.0,16.0,A01
201600001142,0.0,10,0,0.0,1.0,1.0,15.0,A01
201600001143,2.0,10,0,0.0,2.0,1.0,13.0,A01
201600001143,1.0,10,0,0.0,2.0,1.0,1.0,B02
201600001144,2.0,10,0,0.0,2.0,3.0,13.0,A01
201600001144,1.0,10,0,0.0,2.0,3.0,1.0,B02
201600001145,2.0,7,0,0.0,2.0,1.0,9.0,A01
201600001145,2.0,10,0,0.0,2.0,2.0,1.0,B02
201600001146,1.0,7,0,13.0,2.0,5.0,13.0,A01
201600001146,2.0,7,0,0.0,2.0,1.0,1.0,B02
201600001147,1.0,7,0,13.0,0.0,3.0,1.0,A01
201600001148,1.0,7,0,0.0,2.0,0.0,11.0,A01
201600001148,1.0,7,0,0.0,2.0,7.0,17.0,B02
201600001149,1.0,33,0,0.0,2.0,1.0,1.0,B02
201600001149,2.0,10,0,0.0,2.0,7.0,15.0,A01
201600001150,1.0,31,0,0.0,1.0,1.0,1.0,A01
201600001151,0.0,7,0,0.0,1.0,6.0,15.0,A01
201600001152,0.0,2,0,6.0,0.0,1.0,13.0,A01
201600001153,2.0,7,0,0.0,2.0,2.0,9.0,A01
201600001153,2.0,1,0,0.0,0.0,0.0,2.0,B02
201600001154,1.0,7,0,8.0,0.0,3.0,1.0,A01
201600001155,1.0,33,0,0.0,6.0,3.0,21.0,A01
201600001156,1.0,14,0,13.0,0.0,1.0,1.0,A01
201600001157,0.0,7,0,0.0,1.0,2.0,1.0,A01
201600001158,2.0,10,0,0.0,2.0,1.0,13.0,A01
201600001158,1.0,10,0,0.0,2.0,1.0,21.0,B02
201600001159,1.0,7,0,0.0,2.0,5.0,19.0,A01
201600001159,0.0,7,0,0.0,2.0,2.0,1.0,B02
201600001160,2.0,7,0,2.0,0.0,1.0,1.0,A01
201600001161,1.0,7,0,2.0,0.0,2.0,1.0,A01
201600001162,1.0,30,0,0.0,2.0,7.0,15.0,A01
201600001162,2.0,7,0,0.0,2.0,2.0,1.0,B02
201600001163,0.0,7,0,1.0,0.0,3.0,1.0,A01
201600001164,1.0,7,0,2.0,0.0,1.0,15.0,A01
201600001165,2.0,21,0,0.0,2.0,1.0,15.0,A01
201600001165,1.0,30,0,0.0,2.0,1.0,1.0,B02
201600001166,1.0,7,0,0.0,2.0,1.0,0.0,A01
201600001166,2.0,10,0,0.0,2.0,1.0,0.0,B02
201600001167,1.0,7,0,2.0,0.0,1.0,1.0,A01
201600001168,1.0,17,0,0.0,0.0,5.0,17.0,A01
201600001168,1.0,1,0,0.0,2.0,1.0,1.0,B02
201600001169,0.0,7,0,13.0,0.0,3.0,1.0,A01
201600001170,2.0,7,0,0.0,2.0,3.0,13.0,A01
201600001170,1.0,7,0,0.0,2.0,3.0,1.0,B02
201600001171,2.0,7,0,0.0,2.0,3.0,1.0,A01
201600001171,1.0,7,0,0.0,2.0,3.0,1.0,B02
201600001172,2.0,7,0,0.0,2.0,1.0,1.0,A01
201600001172,1.0,7,0,0.0,2.0,8.0,19.0,B02
201600001173,1.0,7,0,0.0,1.0,1.0,1.0,A01
201600001174,1.0,7,0,0.0,2.0,3.0,13.0,A01
201600001174,2.0,7,0,0.0,2.0,3.0,14.0,B02
201600001174,2.0,7,0,0.0,2.0,2.0,2.0,C03
201600001175,1.0,33,0,0.0,2.0,1.0,1.0,A01
201600001175,1.0,7,0,0.0,0.0,6.0,0.0,B02
201600001176,0.0,7,0,0.0,2.0,3.0,1.0,A01
201600001176,0.0,7,0,0.0,2.0,3.0,0.0,B02
201600001177,1.0,7,0,0.0,1.0,2.0,1.0,A01
201600001178,2.0,7,0,2.0,9.0,3.0,1.0,A01
201600001179,1.0,30,0,6.0,0.0,1.0,16.0,A01
201600001180,2.0,7,0,0.0,2.0,1.0,1.0,A01
201600001180,1.0,7,0,0.0,2.0,1.0,1.0,B02
201600001181,2.0,7,0,8.0,0.0,2.0,1.0,A01
201600001182,1.0,7,0,0.0,2.0,1.0,6.0,A01
201600001182,2.0,33,0,0.0,2.0,2.0,1.0,B02
201600001183,1.0,7,0,13.0,0.0,1.0,1.0,A01
201600001184,2.0,10,0,0.0,2.0,6.0,15.0,A01
201600001184,2.0,33,0,0.0,2.0,1.0,17.0,B02
201600001185,2.0,7,0,0.0,2.0,5.0,1.0,A01
201600001185,1.0,10,0,0.0,2.0,1.0,1.0,B02
201600001186,1.0,7,0,0.0,1.0,1.0,1.0,A01
201600001187,1.0,7,0,0.0,2.0,7.0,1.0,A01
201600001187,2.0,15,0,0.0,2.0,1.0,1.0,B02
201600001188,1.0,7,0,0.0,2.0,8.0,1.0,A01
201600001188,2.0,2,0,0.0,2.0,1.0,19.0,B02
201600001189,1.0,7,0,13.0,0.0,3.0,0.0,A01
201600001190,2.0,33,0,0.0,2.0,1.0,1.0,B02
201600001190,1.0,7,0,0.0,2.0,5.0,15.0,A01
201600001191,1.0,7,0,0.0,2.0,3.0,6.0,A01
201600001191,2.0,31,0,0.0,2.0,6.0,1.0,B02
201600001192,2.0,7,0,0.0,2.0,3.0,5.0,A01
201600001192,1.0,7,0,0.0,0.0,3.0,1.0,B02
201600001193,1.0,10,0,0.0,2.0,3.0,11.0,A01
201600001193,2.0,10,0,0.0,2.0,3.0,1.0,B02
201600001193,2.0,10,0,0.0,2.0,1.0,1.0,C03
201600001194,2.0,10,0,0.0,2.0,1.0,1.0,B02
201600001194,2.0,10,0,0.0,2.0,3.0,19.0,A01
201600001195,1.0,7,0,8.0,0.0,1.0,0.0,A01
201600001196,0.0,10,0,0.0,2.0,5.0,15.0,A01
201600001196,0.0,33,0,0.0,2.0,9.0,1.0,B02
201600001197,2.0,1,0,0.0,0.0,0.0,1.0,A01
201600001198,1.0,21,0,0.0,0.0,6.0,15.0,A01
201600001198,1.0,33,0,0.0,2.0,1.0,17.0,B02
201600001199,1.0,10,0,0.0,2.0,1.0,13.0,A01
201600001199,2.0,10,0,0.0,2.0,1.0,1.0,B02
201600001200,1.0,33,0,0.0,2.0,2.0,2.0,A01
201600001200,1.0,10,0,0.0,0.0,4.0,0.0,B02
201600001200,1.0,33,0,0.0,2.0,1.0,1.0,C03
201600001200,1.0,33,0,0.0,2.0,1.0,0.0,D04
201600001201,1.0,7,0,0.0,2.0,3.0,13.0,A01
201600001201,2.0,7,0,0.0,2.0,1.0,1.0,B02
201600001202,2.0,7,0,6.0,0.0,1.0,1.0,A01
201600001203,1.0,7,0,0.0,1.0,2.0,1.0,A01
201600001204,1.0,38,1,0.0,1.0,1.0,0.0,A01
201600001205,1.0,7,0,0.0,1.0,0.0,0.0,A01
201600001206,2.0,7,0,0.0,2.0,1.0,1.0,B02
201600001206,1.0,7,0,0.0,2.0,1.0,21.0,A01
201600001207,1.0,7,0,6.0,0.0,1.0,1.0,A01
201600001207,1.0,7,0,14.0,0.0,1.0,1.0,B02
201600001208,0.0,7,0,0.0,1.0,6.0,1.0,A01
201600001209,2.0,7,0,0.0,2.0,1.0,1.0,A01
201600001209,1.0,7,0,0.0,2.0,1.0,5.0,B02
201600001210,2.0,7,0,0.0,1.0,3.0,1.0,A01
201600001211,2.0,33,0,0.0,0.0,1.0,1.0,B02
201600001211,1.0,7,0,0.0,0.0,2.0,15.0,A01
201600001212,1.0,32,0,15.0,0.0,1.0,14.0,A01
201600001213,1.0,10,0,0.0,2.0,3.0,15.0,B02
201600001213,2.0,10,0,0.0,2.0,1.0,1.0,A01
201600001214,2.0,7,0,2.0,0.0,1.0,1.0,A01
201600001215,1.0,7,0,2.0,0.0,2.0,1.0,A01
201600001216,1.0,7,0,0.0,2.0,6.0,13.0,A01
201600001216,2.0,7,0,0.0,2.0,1.0,1.0,C03
201600001216,2.0,7,0,0.0,2.0,6.0,1.0,B02
201600001216,2.0,7,0,0.0,2.0,1.0,1.0,D04
201600001217,2.0,33,0,0.0,2.0,1.0,1.0,B02
201600001217,1.0,7,0,0.0,2.0,8.0,15.0,A01
201600001218,0.0,10,0,0.0,2.0,5.0,15.0,A01
201600001218,0.0,33,0,0.0,2.0,1.0,1.0,B02
201600001219,1.0,7,0,0.0,2.0,7.0,15.0,A01
201600001219,2.0,33,0,0.0,2.0,1.0,1.0,B02
201600001220,1.0,1,0,0.0,2.0,0.0,2.0,A01
201600001221,1.0,7,0,0.0,2.0,3.0,13.0,A01
201600001221,2.0,7,0,0.0,2.0,3.0,1.0,B02
201600001222,0.0,7,0,0.0,9.0,3.0,1.0,A01
201600001222,0.0,1,0,0.0,2.0,0.0,1.0,B02
201600001223,2.0,7,0,0.0,2.0,6.0,11.0,A01
201600001223,2.0,14,0,0.0,2.0,2.0,17.0,B02
201600001224,1.0,7,0,13.0,0.0,1.0,13.0,A01
201600001225,2.0,7,0,0.0,1.0,1.0,1.0,A01
201600001226,0.0,7,0,6.0,2.0,1.0,1.0,A01
201600001227,1.0,34,0,15.0,2.0,2.0,1.0,A01
201600001228,1.0,7,0,6.0,0.0,1.0,1.0,A01
201600001229,2.0,7,0,0.0,2.0,1.0,15.0,A01
201600001229,1.0,7,0,0.0,2.0,1.0,1.0,B02
201600001230,0.0,7,0,13.0,0.0,1.0,1.0,A01
201600001231,1.0,7,0,0.0,2.0,1.0,1.0,B02
201600001231,2.0,7,0,0.0,2.0,7.0,15.0,A01
201600001232,2.0,2,0,0.0,2.0,1.0,1.0,B02
201600001232,1.0,7,0,0.0,2.0,7.0,15.0,A01
201600001233,1.0,7,0,13.0,0.0,3.0,1.0,A01
201600001234,2.0,10,0,0.0,2.0,1.0,1.0,B02
201600001234,1.0,7,0,0.0,2.0,1.0,13.0,A01
201600001235,1.0,7,0,13.0,2.0,2.0,14.0,A01
201600001236,2.0,7,0,0.0,2.0,3.0,1.0,B02
201600001236,1.0,10,0,0.0,2.0,3.0,1.0,A01
201600001237,2.0,7,0,0.0,2.0,2.0,1.0,A01
201600001237,2.0,1,0,0.0,2.0,4.0,19.0,B02
201600001238,1.0,7,0,0.0,2.0,1.0,19.0,B02
201600001238,2.0,7,0,0.0,2.0,1.0,0.0,D04
201600001238,2.0,10,0,0.0,2.0,1.0,0.0,C03
201600001238,1.0,10,0,7.0,2.0,1.0,1.0,A01
201600001239,1.0,1,0,0.0,2.0,7.0,1.0,B02
201600001239,1.0,7,0,0.0,9.0,8.0,9.0,A01
201600001240,0.0,7,0,13.0,0.0,1.0,1.0,A01
201600001241,1.0,7,0,13.0,0.0,9.0,17.0,A01
201600001241,2.0,7,0,13.0,0.0,9.0,1.0,B02
201600001242,0.0,7,0,0.0,2.0,1.0,1.0,A01
201600001242,0.0,7,0,0.0,2.0,8.0,1.0,B02
201600001243,2.0,7,0,0.0,1.0,1.0,1.0,A01
201600001244,2.0,7,0,0.0,2.0,1.0,1.0,B02
201600001244,1.0,7,0,0.0,2.0,1.0,13.0,A01
201600001245,2.0,7,0,13.0,0.0,1.0,1.0,A01
201600001246,1.0,33,0,0.0,0.0,1.0,1.0,B02
201600001246,0.0,7,0,0.0,0.0,3.0,15.0,A01
201600001247,1.0,33,0,0.0,2.0,0.0,0.0,A01
201600001247,1.0,7,0,0.0,2.0,0.0,0.0,B02
201600001248,1.0,7,0,2.0,0.0,2.0,1.0,A01
201600001249,0.0,7,0,0.0,2.0,3.0,0.0,A01
201600001249,0.0,2,0,0.0,2.0,3.0,0.0,B02
201600001250,2.0,14,0,0.0,2.0,3.0,1.0,B02
201600001250,1.0,30,0,0.0,2.0,1.0,1.0,A01
201600001251,1.0,7,0,13.0,0.0,9.0,1.0,A01
201600001252,1.0,7,0,0.0,2.0,1.0,2.0,C03
201600001252,1.0,33,0,0.0,2.0,1.0,2.0,A01
201600001252,1.0,7,0,0.0,2.0,6.0,2.0,B02
201600001252,1.0,7,0,0.0,2.0,4.0,1.0,D04
201600001253,1.0,7,0,0.0,1.0,2.0,1.0,A01
201600001254,0.0,7,0,0.0,1.0,2.0,1.0,A01
201600001255,0.0,7,0,0.0,1.0,1.0,1.0,A01
201600001256,1.0,33,0,0.0,0.0,1.0,1.0,B02
201600001256,1.0,7,0,0.0,2.0,4.0,15.0,A01
201600001257,2.0,33,0,0.0,0.0,0.0,17.0,A01
201600001258,0.0,7,0,0.0,1.0,4.0,4.0,A01
201600001259,0.0,33,0,0.0,0.0,3.0,13.0,B02
201600001259,0.0,7,0,0.0,0.0,3.0,13.0,A01
201600001260,0.0,30,0,0.0,0.0,0.0,14.0,B02
201600001260,0.0,7,0,0.0,0.0,0.0,1.0,A01
201600001261,1.0,7,0,0.0,0.0,4.0,15.0,B02
201600001261,1.0,31,0,0.0,2.0,1.0,17.0,A01
201600001262,1.0,2,0,0.0,0.0,1.0,5.0,A01
201600001263,0.0,7,0,1.0,0.0,0.0,0.0,B02
201600001263,0.0,7,0,1.0,0.0,0.0,0.0,D04
201600001263,0.0,7,0,1.0,1.0,1.0,0.0,A01
201600001263,0.0,7,0,1.0,0.0,0.0,0.0,C03
201600001264,0.0,7,0,0.0,2.0,3.0,23.0,A01
201600001264,0.0,30,0,0.0,2.0,1.0,2.0,B02
201600001265,1.0,7,0,0.0,2.0,1.0,9.0,A01
201600001265,1.0,30,0,0.0,2.0,4.0,1.0,B02
201600001266,2.0,30,0,0.0,0.0,0.0,1.0,A01
201600001267,0.0,7,0,0.0,2.0,1.0,1.0,A01
201600001267,0.0,2,0,0.0,2.0,1.0,1.0,B02
201600001268,1.0,7,0,0.0,2.0,1.0,1.0,B02
201600001268,2.0,7,0,0.0,2.0,2.0,15.0,A01
201600001269,0.0,7,0,13.0,0.0,1.0,1.0,A01
201600001270,2.0,7,0,0.0,1.0,0.0,1.0,A01
201600001271,2.0,1,0,0.0,2.0,1.0,1.0,B02
201600001271,1.0,7,0,0.0,9.0,5.0,15.0,A01
201600001272,0.0,10,0,6.0,0.0,2.0,14.0,A01
201600001273,0.0,7,0,0.0,2.0,4.0,1.0,B02