Num_Acc,senc,catv,occutc,obs,obsm,choc,manv,num_veh
201600001273,0.0,7,0,0.0,2.0,1.0,1.0,A01
201600001274,0.0,30,0,0.0,0.0,0.0,1.0,A01
201600001275,0.0,33,0,0.0,2.0,1.0,13.0,A01
201600001275,0.0,7,0,0.0,2.0,1.0,1.0,B02
201600001276,2.0,7,0,0.0,1.0,2.0,1.0,A01
201600001277,2.0,1,0,0.0,0.0,5.0,1.0,A01
201600001277,0.0,7,0,0.0,9.0,1.0,1.0,B02
201600001278,2.0,33,0,0.0,2.0,3.0,17.0,A01
201600001278,2.0,7,0,0.0,2.0,6.0,15.0,B02
201600001279,0.0,10,0,13.0,0.0,7.0,1.0,A01
201600001280,2.0,7,0,2.0,0.0,9.0,1.0,A01
201600001281,2.0,7,0,0.0,2.0,7.0,15.0,B02
201600001281,2.0,2,0,0.0,2.0,1.0,1.0,A01
201600001282,2.0,7,0,2.0,0.0,1.0,1.0,A01
201600001283,0.0,7,0,0.0,1.0,2.0,1.0,A01
201600001284,0.0,3,0,0.0,0.0,7.0,15.0,A01
201600001285,1.0,7,0,0.0,2.0,1.0,19.0,A01
201600001285,1.0,7,0,0.0,2.0,7.0,1.0,B02
201600001286,1.0,7,0,0.0,2.0,1.0,15.0,A01
201600001286,2.0,33,0,0.0,2.0,1.0,1.0,B02
201600001287,2.0,7,0,0.0,0.0,9.0,1.0,A01
201600001288,1.0,7,0,3.0,0.0,1.0,1.0,A01
201600001289,1.0,7,0,13.0,0.0,2.0,1.0,A01
201600001290,0.0,7,0,0.0,1.0,1.0,15.0,A01
201600001291,1.0,7,0,2.0,0.0,3.0,1.0,A01
201600001292,1.0,7,0,0.0,0.0,0.0,1.0,A01
201600001292,2.0,33,0,13.0,2.0,0.0,21.0,B02
201600001293,0.0,30,0,13.0,0.0,2.0,1.0,A01
201600001294,1.0,14,0,13.0,0.0,1.0,1.0,A01
201600001295,0.0,7,0,14.0,0.0,1.0,1.0,A01
201600001296,2.0,10,0,13.0,0.0,0.0,1.0,A01
201600001297,1.0,7,0,13.0,0.0,2.0,1.0,A01
201600001298,0.0,7,0,13.0,0.0,3.0,16.0,A01
201600001299,1.0,7,0,13.0,0.0,2.0,1.0,A01
201600001300,1.0,34,0,0.0,2.0,8.0,0.0,B02
201600001300,2.0,7,0,0.0,2.0,1.0,15.0,A01
201600001301,2.0,30,0,13.0,0.0,7.0,1.0,A01
201600001302,1.0,7,0,0.0,2.0,3.0,0.0,B02
201600001302,2.0,33,0,0.0,2.0,1.0,17.0,A01
201600001303,1.0,7,0,13.0,0.0,2.0,1.0,A01
201600001304,0.0,7,0,0.0,9.0,2.0,1.0,B02
201600001304,0.0,1,0,0.0,2.0,1.0,1.0,A01
201600001305,1.0,7,0,0.0,2.0,8.0,1.0,A01
201600001305,0.0,14,0,0.0,2.0,1.0,19.0,B02
201600001306,1.0,7,0,7.0,0.0,1.0,0.0,A01
201600001307,2.0,7,0,0.0,2.0,3.0,19.0,A01
201600001307,1.0,7,0,0.0,2.0,2.0,1.0,B02
201600001308,0.0,30,0,0.0,2.0,8.0,6.0,A01
201600001308,0.0,7,0,0.0,2.0,1.0,1.0,B02
201600001309,0.0,7,0,0.0,1.0,2.0,21.0,A01
201600001310,1.0,7,0,0.0,2.0,1.0,1.0,B02
201600001310,0.0,21,0,0.0,0.0,3.0,19.0,A01
201600001311,0.0,7,0,0.0,2.0,3.0,1.0,A01
201600001311,0.0,7,0,0.0,2.0,3.0,1.0,B02
201600001312,1.0,7,0,2.0,0.0,1.0,1.0,A01
201600001313,2.0,30,0,0.0,2.0,8.0,16.0,A01
201600001313,1.0,7,0,0.0,2.0,3.0,1.0,B02
201600001314,0.0,3,0,0.0,2.0,9.0,1.0,B02
201600001314,0.0,7,0,0.0,2.0,1.0,2.0,A01
201600001315,0.0,16,0,1.0,0.0,1.0,0.0,A01
201600001316,1.0,33,0,6.0,0.0,1.0,0.0,A01
201600001317,2.0,7,0,13.0,0.0,2.0,1.0,A01
201600001318,1.0,7,0,13.0,0.0,2.0,1.0,A01
201600001319,0.0,7,0,0.0,2.0,1.0,1.0,B02
201600001319,0.0,7,0,0.0,2.0,3.0,1.0,A01
201600001320,2.0,7,0,0.0,2.0,5.0,19.0,A01
201600001320,0.0,7,0,0.0,2.0,2.0,1.0,B02
201600001321,1.0,7,0,2.0,0.0,1.0,1.0,A01
201600001322,0.0,7,0,13.0,0.0,1.0,19.0,A01
201600001323,0.0,7,0,0.0,2.0,1.0,2.0,B02
201600001323,1.0,7,0,1.0,2.0,4.0,2.0,A01
201600001324,0.0,7,0,0.0,9.0,7.0,2.0,A01
201600001324,0.0,1,0,0.0,2.0,4.0,0.0,C03
201600001324,0.0,1,0,0.0,2.0,4.0,2.0,B02
201600001325,1.0,7,0,0.0,2.0,5.0,4.0,A01
201600001325,1.0,7,0,0.0,2.0,1.0,1.0,B02
201600001326,2.0,33,0,0.0,2.0,1.0,1.0,B02
201600001326,1.0,3,0,0.0,0.0,5.0,15.0,A01
201600001327,0.0,7,0,0.0,1.0,2.0,1.0,A01
201600001328,1.0,7,0,13.0,0.0,5.0,13.0,A01
201600001329,1.0,7,0,0.0,2.0,1.0,13.0,A01
201600001329,2.0,15,0,0.0,2.0,1.0,1.0,B02
201600001330,2.0,33,0,13.0,0.0,1.0,1.0,A01
201600001331,1.0,7,0,13.0,0.0,2.0,1.0,A01
201600001332,2.0,31,0,14.0,0.0,1.0,1.0,A01
201600001333,1.0,33,0,0.0,2.0,1.0,13.0,A01
201600001333,2.0,10,0,0.0,2.0,3.0,19.0,B02
201600001334,0.0,33,0,13.0,0.0,2.0,14.0,A01
201600001335,2.0,10,0,0.0,2.0,5.0,4.0,B02
201600001335,2.0,30,0,0.0,2.0,3.0,1.0,A01
201600001336,1.0,7,0,2.0,0.0,3.0,1.0,A01
201600001337,2.0,7,0,0.0,2.0,2.0,1.0,A01
201600001337,2.0,7,0,0.0,2.0,1.0,1.0,B02
201600001338,1.0,17,0,0.0,2.0,8.0,4.0,A01
201600001338,2.0,7,0,0.0,2.0,1.0,1.0,B02
201600001339,0.0,7,0,0.0,0.0,9.0,1.0,A01
201600001340,2.0,7,0,0.0,2.0,1.0,1.0,B02
201600001340,1.0,7,0,0.0,2.0,1.0,5.0,A01
201600001341,0.0,7,0,1.0,0.0,0.0,0.0,C03
201600001341,0.0,21,0,0.0,0.0,0.0,5.0,A01
201600001341,0.0,2,0,12.0,0.0,1.0,1.0,B02
201600001342,0.0,7,0,0.0,2.0,1.0,1.0,A01
201600001342,0.0,20,0,0.0,2.0,7.0,1.0,B02
201600001343,1.0,10,0,0.0,2.0,2.0,21.0,A01
201600001343,1.0,3,0,3.0,2.0,6.0,2.0,B02
201600001344,1.0,7,0,0.0,5.0,1.0,1.0,D04
201600001344,1.0,10,0,0.0,5.0,3.0,1.0,B02
201600001344,1.0,7,0,0.0,5.0,1.0,1.0,E05
201600001344,1.0,7,0,0.0,5.0,1.0,1.0,A01
201600001344,1.0,17,0,0.0,5.0,2.0,1.0,C03
201600001345,1.0,7,0,0.0,2.0,2.0,5.0,A01
201600001345,2.0,7,0,0.0,2.0,2.0,1.0,B02
201600001345,2.0,17,0,0.0,2.0,8.0,1.0,C03
201600001346,2.0,7,0,0.0,2.0,2.0,1.0,A01
201600001346,2.0,7,0,0.0,2.0,1.0,1.0,B02
201600001346,2.0,7,0,0.0,2.0,1.0,1.0,C03
201600001346,2.0,14,0,0.0,2.0,3.0,1.0,D04
201600001347,1.0,7,0,13.0,0.0,2.0,1.0,A01
201600001348,2.0,7,0,3.0,0.0,1.0,14.0,A01
201600001349,1.0,7,0,0.0,2.0,3.0,13.0,A01
201600001349,2.0,10,0,0.0,2.0,8.0,1.0,B02
201600001350,1.0,30,0,15.0,0.0,7.0,1.0,A01
201600001351,1.0,7,0,13.0,0.0,2.0,14.0,A01
201600001352,1.0,1,0,0.0,2.0,1.0,1.0,B01
201600001352,1.0,7,0,0.0,2.0,3.0,16.0,A01
201600001353,1.0,7,0,11.0,0.0,9.0,0.0,A01
201600001354,1.0,1,0,0.0,2.0,8.0,1.0,A01
201600001354,2.0,7,0,0.0,2.0,1.0,19.0,B02
201600001355,1.0,10,0,0.0,1.0,3.0,1.0,A01
201600001356,1.0,7,0,0.0,2.0,3.0,15.0,A01
201600001356,2.0,33,0,0.0,2.0,1.0,1.0,B02
201600001357,2.0,33,0,13.0,0.0,8.0,17.0,A01
201600001358,1.0,7,0,0.0,2.0,1.0,17.0,A01
201600001358,2.0,7,0,0.0,2.0,3.0,21.0,B02
201600001359,1.0,7,0,2.0,0.0,1.0,13.0,A01
201600001360,0.0,33,0,13.0,0.0,1.0,13.0,A01
201600001361,2.0,7,0,0.0,1.0,2.0,1.0,A01
201600001362,1.0,7,0,0.0,2.0,1.0,1.0,A01
201600001362,2.0,1,0,0.0,2.0,8.0,19.0,B02
201600001363,0.0,7,0,0.0,2.0,2.0,1.0,A01
201600001363,0.0,10,0,0.0,2.0,8.0,15.0,B02
201600001364,0.0,7,0,13.0,0.0,1.0,19.0,A01
201600001365,2.0,7,0,0.0,0.0,0.0,1.0,A01
201600001366,1.0,33,0,0.0,0.0,5.0,2.0,B02
201600001366,1.0,33,0,0.0,2.0,3.0,2.0,A01
201600001367,0.0,7,0,0.0,1.0,2.0,1.0,A01
201600001368,1.0,7,0,0.0,2.0,3.0,15.0,B02
201600001368,2.0,33,0,0.0,2.0,1.0,1.0,A01
201600001369,2.0,7,0,0.0,2.0,2.0,13.0,A01
201600001369,1.0,7,0,0.0,2.0,3.0,1.0,B02
201600001370,1.0,7,0,0.0,2.0,3.0,1.0,B02
201600001370,2.0,7,0,0.0,2.0,3.0,13.0,A01
201600001371,1.0,7,0,0.0,2.0,5.0,15.0,A01
201600001371,2.0,33,0,0.0,2.0,1.0,1.0,B02
201600001372,0.0,13,0,0.0,0.0,3.0,0.0,B02
201600001372,0.0,13,0,1.0,0.0,2.0,2.0,A01
201600001373,2.0,33,0,0.0,2.0,2.0,17.0,B02
201600001373,1.0,10,0,0.0,2.0,8.0,15.0,A01
201600001374,0.0,7,0,0.0,0.0,0.0,19.0,A02
201600001374,0.0,2,0,0.0,0.0,0.0,1.0,B01
201600001375,1.0,7,0,6.0,0.0,2.0,14.0,A01
201600001376,2.0,7,0,0.0,0.0,9.0,14.0,A01
201600001377,1.0,7,0,0.0,2.0,1.0,1.0,A01
201600001377,0.0,3,0,0.0,2.0,8.0,19.0,B02
201600001378,2.0,30,0,0.0,2.0,6.0,12.0,B02
201600001378,2.0,7,0,0.0,2.0,2.0,12.0,A01
201600001379,2.0,7,0,0.0,1.0,3.0,1.0,A01
201600001380,0.0,30,0,0.0,2.0,3.0,18.0,A01
201600001380,0.0,7,0,0.0,2.0,7.0,16.0,B01
201600001381,0.0,7,0,0.0,1.0,2.0,1.0,A01
201600001382,2.0,30,0,0.0,2.0,1.0,1.0,A01
201600001382,1.0,7,0,0.0,2.0,3.0,19.0,B02
201600001383,1.0,7,0,13.0,0.0,2.0,14.0,A01
201600001384,2.0,14,0,0.0,2.0,7.0,1.0,B01
201600001384,0.0,7,0,0.0,2.0,1.0,15.0,A01
201600001385,2.0,7,0,0.0,2.0,3.0,13.0,A01
201600001385,1.0,7,0,0.0,2.0,3.0,1.0,B02
201600001386,0.0,38,0,0.0,0.0,0.0,0.0,B02
201600001386,0.0,1,0,0.0,0.0,0.0,1.0,A01
201600001387,1.0,7,0,0.0,2.0,1.0,13.0,A01
201600001387,2.0,7,0,0.0,2.0,1.0,1.0,B02
201600001388,1.0,7,0,0.0,2.0,3.0,13.0,A01
201600001388,2.0,7,0,0.0,2.0,3.0,21.0,B02
201600001389,1.0,35,0,0.0,2.0,3.0,13.0,A01
201600001389,2.0,7,0,0.0,2.0,3.0,1.0,B02
201600001390,1.0,7,0,2.0,0.0,9.0,14.0,A01
201600001391,1.0,33,0,0.0,2.0,1.0,17.0,A01
201600001391,1.0,16,0,0.0,0.0,6.0,15.0,B02
201600001392,2.0,33,0,0.0,0.0,9.0,13.0,A01
201600001393,2.0,7,0,8.0,0.0,1.0,14.0,A01
201600001394,2.0,7,0,2.0,0.0,1.0,13.0,A01
201600001395,2.0,7,0,0.0,2.0,3.0,13.0,A01
201600001395,1.0,7,0,0.0,2.0,3.0,21.0,B02
201600001396,0.0,31,0,0.0,0.0,0.0,10.0,A01
201600001397,2.0,7,0,0.0,2.0,7.0,1.0,B01
201600001397,2.0,1,0,0.0,2.0,1.0,1.0,A01
201600001398,2.0,7,0,9.0,0.0,8.0,1.0,A01
201600001399,2.0,33,0,0.0,2.0,1.0,1.0,B01
201600001399,1.0,7,0,0.0,2.0,3.0,15.0,A02
201600001400,2.0,7,0,0.0,2.0,1.0,1.0,B02
201600001400,1.0,7,0,0.0,2.0,1.0,13.0,A01
201600001401,1.0,10,0,0.0,0.0,3.0,21.0,A01
201600001401,2.0,7,0,0.0,0.0,1.0,13.0,B02
201600001402,0.0,7,0,0.0,1.0,0.0,15.0,A01
201600001403,2.0,7,0,0.0,2.0,3.0,1.0,A01
201600001403,1.0,30,0,0.0,0.0,4.0,15.0,B01
201600001404,1.0,30,0,0.0,2.0,1.0,13.0,A01
201600001404,2.0,21,0,0.0,2.0,1.0,23.0,B02
201600001405,0.0,30,0,0.0,2.0,1.0,23.0,A01
201600001405,0.0,7,0,0.0,2.0,6.0,4.0,B02
201600001406,1.0,7,0,0.0,1.0,3.0,9.0,A01
201600001407,0.0,33,0,0.0,2.0,1.0,2.0,B02
201600001407,0.0,7,0,0.0,0.0,4.0,1.0,A01
201600001408,1.0,7,0,0.0,0.0,9.0,1.0,A01
201600001409,2.0,7,0,2.0,6.0,1.0,14.0,A01
201600001410,1.0,7,0,0.0,2.0,7.0,19.0,A01
201600001410,1.0,10,0,7.0,2.0,3.0,1.0,B02
201600001411,1.0,7,0,0.0,1.0,3.0,1.0,A01
201600001412,2.0,33,0,13.0,0.0,7.0,14.0,A01
201600001413,2.0,7,0,13.0,0.0,1.0,13.0,A01
201600001414,1.0,7,0,0.0,2.0,2.0,1.0,A01
201600001414,2.0,31,0,0.0,2.0,1.0,9.0,B02
201600001415,1.0,7,0,0.0,0.0,3.0,1.0,B02
201600001415,1.0,7,0,0.0,2.0,7.0,1.0,A01
201600001416,1.0,21,0,0.0,2.0,0.0,13.0,A01
201600001416,2.0,2,0,0.0,2.0,3.0,1.0,B02
201600001417,0.0,7,0,0.0,1.0,4.0,4.0,A01
201600001418,0.0,7,0,0.0,1.0,8.0,15.0,A01
201600001419,0.0,7,0,13.0,0.0,9.0,13.0,A01
201600001420,1.0,7,0,0.0,2.0,6.0,1.0,A01
201600001420,1.0,7,0,0.0,2.0,1.0,1.0,B02
201600001421,2.0,7,0,1.0,2.0,1.0,13.0,A01
201600001421,1.0,7,0,0.0,2.0,1.0,1.0,B02
201600001421,1.0,7,0,0.0,2.0,2.0,23.0,C03
201600001422,2.0,7,0,6.0,1.0,2.0,14.0,A01
201600001423,1.0,7,0,0.0,1.0,4.0,4.0,A01
201600001424,1.0,7,0,0.0,2.0,1.0,13.0,B02
201600001424,2.0,7,0,0.0,2.0,3.0,1.0,A01
201600001425,0.0,10,0,2.0,0.0,2.0,21.0,A01
201600001426,0.0,7,0,13.0,0.0,1.0,1.0,A01
201600001427,0.0,7,0,13.0,0.0,1.0,1.0,A01
201600001428,1.0,30,0,0.0,2.0,0.0,21.0,A01
201600001429,1.0,7,0,0.0,2.0,3.0,1.0,A01
201600001429,2.0,7,0,0.0,2.0,3.0,1.0,B02
201600001430,2.0,10,0,0.0,2.0,1.0,15.0,A01
201600001430,1.0,7,0,0.0,2.0,1.0,1.0,B02
201600001431,2.0,7,0,13.0,0.0,3.0,6.0,A01
201600001432,0.0,7,0,0.0,1.0,2.0,15.0,A01
201600001433,2.0,30,0,0.0,0.0,8.0,1.0,A01
201600001434,2.0,7,0,0.0,2.0,3.0,13.0,A01
201600001434,1.0,7,0,0.0,2.0,3.0,1.0,B02
201600001435,0.0,7,0,0.0,1.0,2.0,1.0,A01
201600001436,1.0,7,0,13.0,0.0,2.0,1.0,A01
201600001437,2.0,21,0,13.0,0.0,9.0,14.0,A01
201600001438,0.0,1,0,0.0,6.0,0.0,21.0,A01
201600001439,1.0,2,0,0.0,2.0,1.0,1.0,B02
201600001439,2.0,7,0,0.0,2.0,1.0,15.0,A01
201600001440,2.0,7,0,1.0,0.0,1.0,13.0,A01
201600001441,1.0,7,0,0.0,2.0,0.0,0.0,A01
201600001441,1.0,1,0,0.0,0.0,0.0,0.0,B02
201600001442,2.0,7,0,2.0,0.0,7.0,1.0,A01
201600001443,1.0,10,0,0.0,2.0,3.0,1.0,A01
201600001443,2.0,7,0,0.0,2.0,1.0,1.0,B02
201600001444,0.0,30,0,0.0,0.0,0.0,0.0,A01
201600001445,0.0,7,0,0.0,2.0,1.0,1.0,B02
201600001445,0.0,7,0,0.0,2.0,1.0,5.0,A01
201600001446,1.0,7,0,6.0,0.0,9.0,0.0,A01
201600001447,2.0,31,0,0.0,0.0,0.0,17.0,A01
201600001448,0.0,35,0,0.0,0.0,2.0,10.0,A01
201600001449,2.0,7,0,0.0,1.0,7.0,21.0,A01
201600001450,1.0,7,0,13.0,6.0,2.0,1.0,A01
201600001451,2.0,7,0,0.0,2.0,2.0,15.0,A01
201600001451,1.0,33,0,0.0,2.0,1.0,21.0,B02
201600001452,2.0,33,0,0.0,0.0,9.0,13.0,A01
201600001453,0.0,30,0,0.0,2.0,1.0,16.0,B02
201600001453,0.0,7,0,0.0,2.0,1.0,13.0,A01
201600001454,1.0,1,0,0.0,0.0,8.0,1.0,B01
201600001455,1.0,33,0,0.0,2.0,2.0,1.0,B02
201600001455,1.0,7,0,0.0,2.0,1.0,15.0,A01
201600001456,1.0,7,0,0.0,2.0,3.0,15.0,A01
201600001456,2.0,7,0,0.0,2.0,3.0,1.0,B02
201600001457,1.0,21,0,13.0,2.0,3.0,1.0,B02
201600001457,2.0,7,0,15.0,2.0,2.0,19.0,A01
201600001458,0.0,7,0,0.0,2.0,7.0,1.0,A01
201600001458,0.0,2,0,0.0,2.0,1.0,21.0,B02
201600001459,0.0,7,0,0.0,0.0,5.0,19.0,A01
201600001459,0.0,7,0,0.0,0.0,1.0,0.0,B02
201600001460,2.0,7,0,2.0,0.0,1.0,1.0,A01
201600001461,2.0,7,0,8.0,0.0,1.0,1.0,A01
201600001462,1.0,30,0,0.0,0.0,0.0,1.0,A01
201600001463,1.0,7,0,13.0,0.0,1.0,1.0,A01
201600001464,1.0,7,0,2.0,0.0,1.0,1.0,A01
201600001465,2.0,7,0,6.0,0.0,6.0,14.0,A01
201600001466,1.0,7,0,13.0,0.0,1.0,13.0,A01
201600001467,1.0,7,0,2.0,0.0,7.0,13.0,A01
201600001468,2.0,7,0,0.0,2.0,2.0,13.0,A01
201600001468,1.0,7,0,0.0,2.0,1.0,1.0,B02
201600001469,1.0,7,0,0.0,2.0,7.0,19.0,A01
201600001469,2.0,7,0,0.0,2.0,1.0,1.0,B02
201600001470,0.0,7,0,8.0,0.0,1.0,14.0,A01
201600001471,2.0,30,0,13.0,0.0,4.0,1.0,A01
201600001472,1.0,10,0,0.0,2.0,8.0,1.0,A01
201600001472,2.0,1,0,0.0,2.0,8.0,13.0,B02
201600001473,1.0,7,0,0.0,2.0,2.0,14.0,A01
201600001473,1.0,1,0,0.0,2.0,4.0,1.0,B02
201600001474,0.0,7,0,0.0,0.0,1.0,2.0,A01
201600001474,0.0,1,0,0.0,0.0,4.0,2.0,B02
201600001475,1.0,7,0,0.0,2.0,8.0,1.0,A01
201600001475,1.0,10,0,0.0,2.0,1.0,1.0,B02
201600001476,2.0,30,0,7.0,0.0,1.0,13.0,A01
201600001477,1.0,10,0,0.0,2.0,1.0,13.0,A01
201600001477,2.0,21,0,0.0,2.0,1.0,1.0,B02
201600001478,2.0,7,0,6.0,0.0,1.0,13.0,A01
201600001479,2.0,30,0,0.0,2.0,1.0,19.0,A02
201600001479,1.0,7,0,0.0,2.0,3.0,1.0,B01
201600001480,0.0,33,0,0.0,2.0,7.0,21.0,A01
201600001480,0.0,7,0,0.0,2.0,6.0,15.0,B02
201600001480,0.0,7,0,0.0,0.0,0.0,11.0,C03
201600001481,0.0,7,0,1.0,1.0,1.0,1.0,A01
201600001482,1.0,7,0,15.0,0.0,1.0,1.0,A01
201600001483,1.0,10,0,0.0,2.0,8.0,10.0,A01
201600001483,1.0,2,0,0.0,2.0,1.0,1.0,B02
201600001484,1.0,7,0,0.0,2.0,7.0,19.0,A01
201600001484,2.0,7,0,0.0,2.0,1.0,1.0,B02
201600001485,1.0,7,0,0.0,2.0,3.0,13.0,A01
201600001485,2.0,7,0,0.0,2.0,8.0,1.0,B02
201600001485,2.0,7,0,0.0,2.0,3.0,1.0,C03
201600001485,2.0,7,0,0.0,9.0,3.0,1.0,D04
201600001486,2.0,7,0,0.0,2.0,1.0,1.0,B02
201600001486,1.0,30,0,0.0,2.0,1.0,13.0,A01
201600001487,2.0,7,0,0.0,2.0,3.0,1.0,B02
201600001487,1.0,7,0,0.0,2.0,2.0,15.0,A01
201600001488,1.0,7,0,2.0,0.0,1.0,1.0,A01
201600001489,1.0,7,0,8.0,0.0,1.0,1.0,A01
201600001490,1.0,7,0,0.0,2.0,8.0,19.0,A01
201600001490,1.0,7,0,0.0,2.0,8.0,1.0,B02
201600001491,1.0,7,0,0.0,2.0,1.0,15.0,A01
201600001491,2.0,7,0,0.0,2.0,3.0,1.0,B02
201600001492,2.0,7,0,13.0,2.0,1.0,17.0,A01
201600001492,2.0,7,0,1.0,2.0,4.0,15.0,B02
201600001493,2.0,36,0,15.0,0.0,3.0,14.0,A01
201600001494,2.0,2,0,15.0,0.0,1.0,14.0,A01
201600001495,2.0,7,0,0.0,2.0,1.0,1.0,B02
201600001495,1.0,7,0,0.0,2.0,1.0,13.0,A01
201600001496,1.0,7,0,0.0,1.0,1.0,1.0,A01
201600001497,1.0,33,0,0.0,2.0,4.0,1.0,B02
201600001497,1.0,33,0,1.0,2.0,1.0,1.0,A01
201600001498,2.0,7,0,0.0,2.0,3.0,13.0,A01
201600001498,1.0,7,0,0.0,2.0,3.0,1.0,B02
201600001499,1.0,3,0,0.0,1.0,0.0,1.0,A01
201600001500,1.0,2,0,0.0,2.0,1.0,1.0,B02
201600001500,2.0,3,0,0.0,2.0,7.0,15.0,A01
201600001501,0.0,7,0,0.0,2.0,1.0,17.0,A01
201600001501,0.0,7,0,0.0,2.0,1.0,1.0,B02
201600001502,2.0,10,0,0.0,2.0,2.0,15.0,A01
201600001502,1.0,7,0,0.0,2.0,3.0,1.0,B02
201600001503,0.0,10,0,8.0,0.0,1.0,1.0,A01
201600001504,0.0,7,0,0.0,2.0,2.0,23.0,A01
201600001504,0.0,7,0,0.0,2.0,1.0,19.0,B02
201600001505,1.0,7,0,13.0,0.0,1.0,1.0,A01
201600001506,1.0,3,0,13.0,0.0,1.0,13.0,A01
201600001507,2.0,31,0,0.0,0.0,1.0,1.0,A01
201600001508,1.0,7,0,2.0,0.0,1.0,1.0,A01
201600001509,1.0,7,0,0.0,2.0,8.0,15.0,B02
201600001509,2.0,33,0,0.0,2.0,1.0,1.0,A01
201600001510,0.0,7,0,0.0,1.0,5.0,4.0,A01
201600001511,2.0,30,0,3.0,0.0,7.0,1.0,A01
201600001512,2.0,7,0,2.0,0.0,1.0,14.0,A01
201600001513,0.0,33,0,0.0,2.0,5.0,17.0,A01
201600001513,0.0,1,0,0.0,2.0,3.0,15.0,B02
201600001514,2.0,33,0,0.0,0.0,7.0,1.0,A01
201600001515,2.0,7,0,0.0,2.0,3.0,15.0,A01
201600001515,2.0,33,0,0.0,2.0,2.0,17.0,B02
201600001516,2.0,7,0,2.0,0.0,3.0,14.0,A01
201600001517,0.0,7,0,0.0,0.0,2.0,1.0,A01
201600001517,0.0,7,0,0.0,0.0,8.0,1.0,B02
201600001518,1.0,7,0,8.0,2.0,2.0,17.0,A01
201600001518,1.0,7,0,0.0,2.0,3.0,15.0,B02
201600001519,2.0,30,0,0.0,2.0,1.0,2.0,A01
201600001519,2.0,21,0,0.0,0.0,5.0,2.0,B02
201600001520,2.0,7,0,0.0,2.0,5.0,16.0,A01
201600001520,2.0,7,0,0.0,2.0,3.0,2.0,B02
201600001520,0.0,10,0,0.0,0.0,3.0,23.0,C03
201600001521,2.0,7,0,0.0,2.0,1.0,17.0,A01
201600001521,2.0,7,0,0.0,2.0,4.0,2.0,B01
201600001521,2.0,7,0,0.0,2.0,6.0,2.0,C01
201600001521,1.0,17,0,0.0,2.0,8.0,1.0,D01
201600001522,0.0,7,0,0.0,1.0,7.0,1.0,A01
201600001523,2.0,7,0,0.0,2.0,1.0,19.0,A01
201600001523,2.0,7,0,0.0,2.0,8.0,1.0,B01
201600001524,2.0,7,0,0.0,2.0,1.0,2.0,A01
201600001524,2.0,7,0,0.0,0.0,4.0,15.0,B01
201600001525,0.0,7,0,0.0,1.0,2.0,1.0,A01
201600001526,2.0,7,0,0.0,2.0,1.0,1.0,A01
201600001526,1.0,7,0,0.0,2.0,8.0,19.0,B01
201600001527,1.0,14,0,0.0,2.0,3.0,21.0,B01
201600001527,1.0,7,0,0.0,2.0,1.0,1.0,C01
201600001527,2.0,7,0,0.0,0.0,3.0,13.0,A01
201600001528,2.0,3,0,0.0,2.0,1.0,1.0,C01
201600001528,2.0,7,0,0.0,2.0,6.0,21.0,B01
201600001528,1.0,21,0,0.0,2.0,7.0,1.0,A01
201600001529,1.0,7,0,0.0,2.0,1.0,2.0,A01
201600001529,1.0,1,0,0.0,2.0,4.0,1.0,B01
201600001530,1.0,7,0,0.0,2.0,7.0,0.0,A01
201600001530,1.0,7,0,0.0,2.0,1.0,0.0,B01
201600001531,2.0,10,0,14.0,0.0,1.0,2.0,A01
201600001531,2.0,31,0,0.0,0.0,4.0,23.0,B02
201600001532,1.0,7,0,0.0,2.0,3.0,13.0,A01
201600001532,2.0,7,0,0.0,2.0,3.0,1.0,B01
201600001533,2.0,30,0,0.0,2.0,1.0,14.0,A01
201600001533,1.0,7,0,0.0,2.0,3.0,1.0,B01
201600001534,1.0,7,0,3.0,0.0,1.0,14.0,A01
201600001535,0.0,7,0,8.0,0.0,8.0,14.0,A01
201600001536,2.0,7,0,0.0,0.0,7.0,15.0,A01
201600001536,1.0,2,0,0.0,2.0,1.0,1.0,B01
201600001537,1.0,7,0,8.0,0.0,3.0,14.0,A01