Num_Acc,senc,catv,occutc,obs,obsm,choc,manv,num_veh
201600002041,1.0,7,0,0.0,2.0,2.0,15.0,B02
201600002041,2.0,2,0,0.0,2.0,2.0,21.0,A01
201600002042,0.0,2,0,11.0,0.0,1.0,1.0,A01
201600002043,2.0,7,0,13.0,0.0,2.0,1.0,A01
201600002044,0.0,17,0,0.0,0.0,7.0,1.0,A01
201600002045,1.0,33,0,0.0,2.0,2.0,17.0,A01
201600002045,1.0,7,0,0.0,2.0,8.0,1.0,B02
201600002046,2.0,33,0,0.0,0.0,1.0,1.0,A01
201600002047,0.0,2,0,13.0,0.0,1.0,0.0,A01
201600002048,2.0,7,0,0.0,2.0,7.0,19.0,A01
201600002048,0.0,7,0,0.0,2.0,1.0,1.0,B02
201600002049,2.0,7,0,0.0,2.0,1.0,15.0,A01
201600002049,1.0,7,0,0.0,2.0,1.0,1.0,B02
201600002050,2.0,7,0,0.0,2.0,1.0,13.0,A01
201600002050,0.0,7,0,0.0,0.0,1.0,1.0,B02
201600002051,0.0,10,0,0.0,0.0,0.0,0.0,A01
201600002051,0.0,33,0,0.0,0.0,0.0,0.0,B02
201600002052,2.0,7,0,2.0,0.0,1.0,1.0,A01
201600002053,1.0,7,0,13.0,0.0,1.0,13.0,A01
201600002054,1.0,7,0,0.0,1.0,1.0,1.0,A01
201600002055,1.0,7,0,0.0,2.0,1.0,13.0,A01
201600002055,2.0,7,0,0.0,2.0,1.0,1.0,B02
201600002055,1.0,7,0,0.0,2.0,1.0,1.0,C03
201600002056,1.0,7,0,6.0,0.0,7.0,1.0,A01
201600002057,0.0,7,0,0.0,2.0,2.0,19.0,A01
201600002057,0.0,7,0,0.0,2.0,1.0,1.0,B02
201600002058,1.0,33,0,16.0,0.0,7.0,1.0,A01
201600002059,1.0,2,0,0.0,0.0,3.0,1.0,A01
201600002060,1.0,7,0,0.0,2.0,1.0,2.0,A01
201600002060,1.0,3,0,0.0,0.0,4.0,2.0,B02
201600002061,1.0,7,0,0.0,0.0,1.0,1.0,A01
201600002062,1.0,7,0,0.0,2.0,2.0,1.0,A01
201600002062,0.0,30,0,0.0,2.0,8.0,15.0,B02
201600002063,2.0,7,0,0.0,0.0,1.0,13.0,A01
201600002063,1.0,7,0,0.0,0.0,1.0,13.0,B02
201600002064,1.0,7,0,0.0,0.0,0.0,0.0,A01
201600002064,1.0,30,0,0.0,0.0,1.0,1.0,B02
201600002065,1.0,7,0,9.0,0.0,9.0,1.0,A01
201600002066,1.0,21,0,0.0,2.0,6.0,13.0,A01
201600002066,2.0,7,0,0.0,2.0,3.0,1.0,B02
201600002067,1.0,7,0,0.0,2.0,3.0,13.0,A01
201600002067,2.0,7,0,0.0,2.0,3.0,1.0,B02
201600002068,1.0,7,0,0.0,2.0,3.0,19.0,A01
201600002068,2.0,7,0,0.0,2.0,1.0,1.0,B02
201600002069,2.0,10,0,0.0,2.0,1.0,1.0,A01
201600002069,0.0,7,0,0.0,0.0,3.0,1.0,B02
201600002070,1.0,7,0,0.0,2.0,1.0,5.0,A01
201600002070,2.0,7,0,0.0,2.0,1.0,1.0,B02
201600002070,2.0,7,0,0.0,2.0,3.0,1.0,C03
201600002070,2.0,7,0,0.0,2.0,3.0,1.0,D04
201600002071,1.0,7,0,0.0,2.0,3.0,13.0,A01
201600002071,2.0,30,0,0.0,2.0,3.0,1.0,B02
201600002072,1.0,7,0,0.0,1.0,2.0,1.0,A01
201600002073,0.0,30,0,0.0,2.0,8.0,13.0,A01
201600002073,0.0,10,0,0.0,2.0,8.0,1.0,B02
201600002074,1.0,7,0,13.0,0.0,1.0,1.0,A01
201600002075,2.0,7,0,0.0,2.0,3.0,15.0,A01
201600002075,2.0,33,0,0.0,2.0,1.0,1.0,B02
201600002076,1.0,33,0,6.0,0.0,1.0,1.0,A01
201600002077,2.0,7,0,0.0,2.0,2.0,15.0,A01
201600002077,1.0,7,0,0.0,2.0,2.0,1.0,B02
201600002078,1.0,7,0,6.0,0.0,2.0,1.0,A01
201600002079,2.0,7,0,0.0,2.0,2.0,1.0,A01
201600002079,1.0,30,0,0.0,2.0,4.0,0.0,B02
201600002080,0.0,7,0,0.0,2.0,1.0,5.0,A01
201600002080,0.0,7,0,0.0,2.0,3.0,1.0,B02
201600002081,0.0,7,0,0.0,1.0,2.0,2.0,A01
201600002082,0.0,2,0,0.0,2.0,1.0,2.0,A01
201600002082,0.0,7,0,0.0,2.0,7.0,19.0,B02
201600002083,0.0,30,0,0.0,2.0,1.0,13.0,A01
201600002083,0.0,21,0,0.0,2.0,1.0,1.0,B02
201600002084,1.0,33,0,0.0,2.0,3.0,1.0,A01
201600002084,1.0,7,0,0.0,0.0,5.0,15.0,B02
201600002085,1.0,7,0,0.0,2.0,1.0,1.0,B02
201600002085,2.0,7,0,0.0,2.0,3.0,15.0,A01
201600002086,0.0,33,0,1.0,0.0,1.0,14.0,A01
201600002087,0.0,10,0,0.0,0.0,1.0,1.0,A01
201600002088,1.0,30,0,0.0,2.0,1.0,13.0,A01
201600002088,2.0,7,0,0.0,2.0,2.0,1.0,B02
201600002089,0.0,7,0,0.0,2.0,3.0,13.0,A01
201600002089,0.0,7,0,0.0,2.0,3.0,1.0,B02
201600002090,2.0,10,0,8.0,0.0,3.0,1.0,A01
201600002091,0.0,7,0,0.0,0.0,1.0,1.0,A01
201600002092,1.0,33,0,2.0,0.0,1.0,1.0,A01
201600002093,2.0,1,0,0.0,2.0,1.0,13.0,A01
201600002093,1.0,7,0,0.0,2.0,3.0,1.0,B02
201600002094,0.0,20,0,0.0,2.0,3.0,19.0,A01
201600002094,0.0,33,0,0.0,2.0,1.0,1.0,B02
201600002095,0.0,7,0,0.0,2.0,1.0,13.0,A01
201600002095,0.0,1,0,0.0,0.0,1.0,1.0,B02
201600002096,2.0,7,0,2.0,0.0,1.0,1.0,A01
201600002097,2.0,7,0,13.0,2.0,1.0,13.0,A01
201600002097,1.0,3,0,0.0,2.0,7.0,1.0,B02
201600002098,0.0,33,0,0.0,2.0,1.0,1.0,B02
201600002098,0.0,33,0,0.0,2.0,1.0,1.0,A01
201600002099,0.0,2,0,0.0,2.0,1.0,1.0,A01
201600002099,1.0,7,0,0.0,2.0,1.0,15.0,B02
201600002100,0.0,33,0,0.0,2.0,1.0,1.0,A01
201600002100,0.0,7,0,0.0,2.0,3.0,15.0,B02
201600002101,2.0,21,0,0.0,2.0,1.0,1.0,B02
201600002101,2.0,3,0,0.0,2.0,3.0,15.0,A01
201600002102,2.0,7,0,0.0,2.0,1.0,19.0,B02
201600002102,1.0,7,0,13.0,2.0,8.0,1.0,A01
201600002103,1.0,7,0,0.0,2.0,1.0,2.0,B02
201600002103,1.0,7,0,0.0,2.0,9.0,1.0,A01
201600002104,1.0,2,0,0.0,2.0,8.0,1.0,B02
201600002104,1.0,7,0,0.0,2.0,1.0,15.0,A01
201600002105,0.0,7,0,0.0,2.0,3.0,15.0,A01
201600002105,0.0,2,0,0.0,2.0,1.0,0.0,B02
201600002106,0.0,33,0,0.0,0.0,0.0,16.0,A01
201600002107,1.0,7,0,4.0,0.0,3.0,0.0,A01
201600002108,0.0,21,0,0.0,0.0,0.0,16.0,A01
201600002109,1.0,7,0,0.0,2.0,5.0,15.0,A01
201600002109,2.0,7,0,0.0,2.0,1.0,1.0,B02
201600002110,2.0,33,0,13.0,0.0,1.0,1.0,A01
201600002111,2.0,7,0,0.0,2.0,8.0,1.0,A01
201600002111,1.0,33,0,0.0,2.0,8.0,13.0,B02
201600002112,1.0,7,0,8.0,0.0,1.0,1.0,A01
201600002113,0.0,7,0,0.0,5.0,2.0,1.0,A01
201600002114,1.0,10,0,0.0,2.0,3.0,13.0,A01
201600002114,2.0,7,0,2.0,2.0,9.0,1.0,B02
201600002115,1.0,7,0,2.0,0.0,1.0,1.0,A01
201600002116,1.0,7,0,13.0,0.0,1.0,1.0,A01
201600002117,1.0,7,0,0.0,2.0,3.0,13.0,A01
201600002117,2.0,10,0,0.0,2.0,1.0,1.0,B02
201600002118,0.0,10,0,0.0,2.0,2.0,17.0,A01
201600002118,0.0,33,0,0.0,2.0,1.0,1.0,B02
201600002119,0.0,7,0,0.0,2.0,4.0,4.0,A01
201600002119,0.0,30,0,0.0,2.0,7.0,1.0,B02
201600002120,2.0,7,0,0.0,2.0,7.0,13.0,A01
201600002120,1.0,7,0,0.0,2.0,1.0,1.0,B02
201600002121,1.0,7,0,0.0,2.0,3.0,1.0,B02
201600002121,0.0,10,0,0.0,2.0,2.0,19.0,A01
201600002122,1.0,10,0,0.0,2.0,7.0,1.0,A01
201600002122,1.0,1,0,0.0,0.0,6.0,1.0,B02
201600002123,0.0,7,0,13.0,0.0,2.0,1.0,A01
201600002124,1.0,7,0,13.0,0.0,9.0,1.0,A01
201600002125,0.0,7,0,0.0,0.0,0.0,1.0,A01
201600002126,1.0,10,0,0.0,1.0,7.0,1.0,A01
201600002127,2.0,7,0,0.0,2.0,6.0,2.0,A01
201600002127,2.0,7,0,0.0,2.0,2.0,2.0,B02
201600002128,2.0,7,0,13.0,0.0,2.0,0.0,A01
201600002129,2.0,33,0,0.0,0.0,6.0,1.0,A01
201600002130,2.0,33,0,0.0,2.0,2.0,18.0,A01
201600002130,2.0,17,0,0.0,0.0,3.0,0.0,B02
201600002131,2.0,7,0,0.0,2.0,3.0,13.0,A01
201600002131,2.0,7,0,13.0,2.0,4.0,17.0,B02
201600002132,1.0,2,0,0.0,0.0,0.0,1.0,A01
201600002133,1.0,7,0,0.0,2.0,5.0,0.0,A01
201600002133,2.0,7,0,0.0,2.0,2.0,1.0,B02
201600002134,0.0,7,0,1.0,0.0,4.0,20.0,A01
201600002135,1.0,7,0,0.0,2.0,1.0,13.0,A01
201600002135,2.0,21,0,0.0,2.0,1.0,1.0,B02
201600002135,2.0,7,0,0.0,0.0,0.0,1.0,C03
201600002136,2.0,7,0,6.0,0.0,1.0,1.0,A01
201600002137,0.0,7,0,6.0,0.0,2.0,1.0,A01
201600002138,1.0,7,0,0.0,2.0,7.0,1.0,A01
201600002138,1.0,1,0,0.0,2.0,8.0,1.0,B02
201600002139,0.0,7,0,0.0,1.0,1.0,1.0,A01
201600002140,2.0,33,0,0.0,2.0,1.0,1.0,B02
201600002140,2.0,33,0,0.0,2.0,1.0,0.0,C03
201600002140,1.0,10,0,0.0,2.0,8.0,15.0,A01
201600002141,2.0,33,0,0.0,2.0,1.0,13.0,A01
201600002141,1.0,21,0,0.0,2.0,1.0,1.0,B02
201600002142,2.0,30,0,0.0,2.0,1.0,5.0,A01
201600002142,1.0,7,0,0.0,2.0,1.0,1.0,B02
201600002143,2.0,7,0,0.0,2.0,3.0,13.0,A01
201600002143,1.0,7,0,0.0,2.0,3.0,1.0,B02
201600002144,0.0,7,0,0.0,1.0,5.0,4.0,A01
201600002145,2.0,31,0,0.0,2.0,1.0,1.0,A01
201600002145,2.0,7,0,0.0,2.0,4.0,1.0,B02
201600002146,1.0,33,0,11.0,0.0,1.0,1.0,A01
201600002146,1.0,33,0,0.0,2.0,1.0,1.0,B02
201600002147,2.0,14,0,13.0,0.0,9.0,1.0,A01
201600002148,1.0,7,0,0.0,1.0,2.0,1.0,A01
201600002149,2.0,7,0,13.0,0.0,0.0,1.0,A01
201600002150,2.0,7,0,0.0,2.0,1.0,1.0,B02
201600002150,2.0,7,0,0.0,2.0,3.0,1.0,A01
201600002151,0.0,7,0,13.0,1.0,3.0,1.0,A01
201600002152,1.0,7,0,0.0,1.0,3.0,1.0,A01
201600002153,2.0,33,0,2.0,0.0,1.0,1.0,A01
201600002154,2.0,30,0,0.0,2.0,1.0,15.0,A01
201600002154,0.0,7,0,0.0,2.0,2.0,1.0,B02
201600002155,1.0,10,0,0.0,2.0,2.0,2.0,A01
201600002155,1.0,1,0,0.0,0.0,0.0,0.0,B02
201600002156,1.0,7,0,0.0,9.0,3.0,15.0,A01
201600002156,2.0,1,0,0.0,2.0,8.0,1.0,B02
201600002157,2.0,7,0,13.0,0.0,3.0,1.0,A01
201600002158,1.0,33,0,13.0,0.0,1.0,14.0,A01
201600002159,2.0,7,0,0.0,0.0,1.0,0.0,B02
201600002159,1.0,7,0,0.0,0.0,7.0,0.0,A01
201600002160,2.0,2,0,2.0,0.0,1.0,1.0,A01
201600002161,1.0,7,0,0.0,2.0,6.0,17.0,A01
201600002161,1.0,7,0,0.0,2.0,6.0,2.0,B02
201600002162,0.0,7,0,0.0,1.0,1.0,1.0,A01
201600002163,1.0,7,0,8.0,0.0,1.0,1.0,A01
201600002164,2.0,10,0,2.0,0.0,1.0,1.0,A01
201600002165,1.0,7,0,13.0,0.0,3.0,1.0,A01
201600002166,1.0,7,0,13.0,0.0,2.0,1.0,A01
201600002167,1.0,7,0,13.0,0.0,2.0,1.0,A01
201600002168,1.0,3,0,14.0,0.0,1.0,1.0,A01
201600002168,1.0,7,0,0.0,0.0,4.0,1.0,B02
201600002169,2.0,7,0,0.0,2.0,1.0,1.0,A01
201600002169,2.0,7,0,0.0,0.0,7.0,19.0,B02
201600002170,1.0,7,0,0.0,2.0,2.0,17.0,A01
201600002170,2.0,7,0,0.0,2.0,2.0,14.0,B02
201600002171,2.0,7,0,13.0,0.0,3.0,13.0,A01
201600002172,2.0,7,0,0.0,0.0,0.0,1.0,A01
201600002173,1.0,21,0,0.0,2.0,1.0,15.0,A01
201600002173,1.0,7,0,0.0,2.0,2.0,17.0,B02
201600002174,1.0,7,0,13.0,0.0,2.0,14.0,A01
201600002175,1.0,7,0,13.0,0.0,3.0,13.0,A01
201600002176,1.0,10,0,0.0,2.0,3.0,9.0,A01
201600002176,1.0,1,0,0.0,2.0,1.0,1.0,B02
201600002177,2.0,7,0,0.0,2.0,3.0,13.0,A01
201600002177,1.0,7,0,0.0,2.0,3.0,1.0,B02
201600002178,1.0,7,0,0.0,1.0,1.0,1.0,A01
201600002179,1.0,33,0,0.0,2.0,1.0,1.0,A01
201600002179,1.0,7,0,0.0,0.0,4.0,1.0,B02
201600002180,2.0,33,0,0.0,9.0,0.0,1.0,A01
201600002180,0.0,1,0,0.0,2.0,2.0,19.0,B02
201600002181,1.0,33,0,0.0,2.0,1.0,1.0,A01
201600002181,1.0,7,0,0.0,2.0,1.0,1.0,B02
201600002181,2.0,7,0,0.0,2.0,9.0,13.0,C03
201600002182,2.0,33,0,0.0,2.0,1.0,2.0,A01
201600002182,2.0,7,0,0.0,2.0,4.0,15.0,B02
201600002183,0.0,7,0,0.0,9.0,1.0,1.0,A01
201600002183,0.0,1,0,0.0,2.0,8.0,19.0,B02
201600002184,1.0,7,0,0.0,0.0,1.0,1.0,A01
201600002185,1.0,33,0,0.0,2.0,2.0,12.0,A01
201600002185,1.0,10,0,0.0,2.0,8.0,12.0,B02
201600002186,2.0,7,0,0.0,1.0,3.0,1.0,A01
201600002187,2.0,7,0,15.0,0.0,7.0,1.0,A01
201600002188,2.0,33,0,8.0,2.0,2.0,13.0,A01
201600002188,1.0,7,0,0.0,2.0,2.0,1.0,B02
201600002189,1.0,14,0,0.0,0.0,0.0,0.0,A01
201600002190,1.0,7,0,0.0,2.0,1.0,1.0,A01
201600002190,2.0,7,0,0.0,2.0,1.0,5.0,B02
201600002191,2.0,1,0,0.0,0.0,0.0,1.0,A01
201600002192,1.0,7,0,0.0,2.0,1.0,15.0,A01
201600002192,2.0,7,0,0.0,2.0,1.0,1.0,B02
201600002192,1.0,7,0,0.0,2.0,1.0,1.0,C03
201600002193,1.0,7,0,0.0,1.0,1.0,1.0,A01
201600002194,0.0,33,0,0.0,0.0,8.0,1.0,A01
201600002195,2.0,10,0,0.0,1.0,2.0,11.0,B01
201600002196,2.0,7,0,8.0,0.0,6.0,2.0,A01
201600002197,2.0,7,0,13.0,0.0,3.0,17.0,A01
201600002198,1.0,7,0,13.0,0.0,2.0,1.0,A01
201600002199,2.0,7,0,13.0,0.0,9.0,1.0,A01
201600002200,1.0,7,0,0.0,2.0,7.0,15.0,A01
201600002200,2.0,7,0,0.0,2.0,1.0,1.0,B02
201600002201,2.0,7,0,0.0,2.0,1.0,17.0,A01
201600002201,1.0,30,0,0.0,2.0,1.0,1.0,B02
201600002202,1.0,7,0,0.0,1.0,0.0,1.0,A01
201600002203,2.0,7,0,13.0,0.0,1.0,14.0,A01
201600002204,0.0,20,0,0.0,2.0,1.0,1.0,B01
201600002204,0.0,7,0,0.0,2.0,7.0,1.0,A01
201600002205,2.0,33,0,0.0,0.0,0.0,1.0,A01
201600002205,2.0,7,0,0.0,0.0,0.0,0.0,B01
201600002206,1.0,7,0,0.0,2.0,8.0,0.0,A01
201600002206,2.0,33,0,0.0,2.0,8.0,1.0,B01
201600002206,1.0,7,0,0.0,0.0,0.0,0.0,C01
201600002207,2.0,7,0,0.0,2.0,2.0,15.0,A01
201600002207,1.0,1,0,0.0,2.0,1.0,1.0,B01
201600002208,2.0,7,0,0.0,1.0,3.0,0.0,A01
201600002209,1.0,7,0,2.0,0.0,1.0,13.0,A01
201600002210,1.0,7,0,0.0,2.0,2.0,9.0,A01
201600002210,2.0,2,0,0.0,2.0,1.0,1.0,B01
201600002211,1.0,7,0,13.0,0.0,9.0,2.0,A01
201600002212,1.0,7,0,0.0,1.0,1.0,15.0,A01
201600002213,1.0,7,0,0.0,1.0,2.0,1.0,A01
201600002214,2.0,7,0,0.0,2.0,1.0,13.0,A01
201600002214,1.0,7,0,0.0,2.0,1.0,1.0,B02
201600002215,2.0,7,0,6.0,0.0,1.0,1.0,A01
201600002216,1.0,33,0,0.0,0.0,7.0,2.0,A01
201600002217,1.0,7,0,0.0,1.0,1.0,1.0,A01
201600002218,1.0,7,0,8.0,0.0,3.0,1.0,A01
201600002219,2.0,7,0,0.0,2.0,3.0,1.0,A01
201600002219,1.0,7,0,0.0,2.0,3.0,13.0,B02
201600002220,1.0,7,0,0.0,2.0,1.0,1.0,B02
201600002220,2.0,7,0,0.0,2.0,2.0,1.0,A01
201600002221,1.0,7,0,0.0,2.0,3.0,0.0,B02
201600002221,2.0,7,0,0.0,2.0,3.0,9.0,A01
201600002222,1.0,7,0,13.0,0.0,1.0,15.0,A01
201600002223,2.0,33,0,0.0,2.0,7.0,1.0,B02
201600002223,1.0,7,0,0.0,2.0,2.0,15.0,A01
201600002224,0.0,7,0,0.0,2.0,2.0,1.0,B02
201600002224,0.0,7,0,0.0,2.0,3.0,1.0,A01
201600002225,2.0,7,0,6.0,0.0,3.0,17.0,A01
201600002226,2.0,7,0,2.0,0.0,8.0,6.0,A01
201600002227,1.0,7,0,13.0,0.0,1.0,1.0,A01
201600002228,1.0,33,0,0.0,0.0,8.0,1.0,A01
201600002229,2.0,7,0,0.0,2.0,3.0,13.0,A01
201600002229,1.0,7,0,0.0,2.0,3.0,1.0,B02
201600002230,2.0,33,0,0.0,0.0,0.0,0.0,A01
201600002231,1.0,33,0,13.0,0.0,9.0,17.0,A01
201600002232,1.0,30,0,0.0,0.0,7.0,0.0,A01
201600002233,2.0,7,0,0.0,1.0,2.0,0.0,A01
201600002234,2.0,7,0,0.0,2.0,8.0,1.0,D04
201600002234,2.0,7,0,0.0,2.0,1.0,1.0,B02
201600002234,2.0,15,0,0.0,0.0,8.0,1.0,C03
201600002234,2.0,7,0,0.0,2.0,1.0,17.0,A01
201600002235,1.0,7,0,0.0,0.0,0.0,1.0,A01
201600002236,1.0,7,0,0.0,0.0,0.0,23.0,B02
201600002236,1.0,33,0,0.0,0.0,8.0,21.0,A01
201600002237,1.0,7,0,0.0,0.0,1.0,1.0,A01
201600002237,2.0,7,0,0.0,0.0,3.0,1.0,B02
201600002238,1.0,31,0,0.0,2.0,7.0,9.0,A01
201600002238,2.0,7,0,0.0,2.0,2.0,1.0,B02
201600002239,1.0,7,0,0.0,2.0,1.0,0.0,B02
201600002239,2.0,7,0,0.0,2.0,1.0,13.0,A01
201600002240,2.0,7,0,2.0,0.0,1.0,1.0,A01
201600002241,1.0,7,0,0.0,2.0,1.0,5.0,A01
201600002241,2.0,7,0,13.0,0.0,7.0,21.0,C03
201600002241,2.0,7,0,0.0,2.0,1.0,1.0,B02
201600002242,1.0,7,0,0.0,2.0,3.0,13.0,A01
201600002242,2.0,7,0,0.0,2.0,3.0,1.0,B02
201600002243,2.0,7,0,0.0,2.0,3.0,1.0,A01
201600002243,1.0,7,0,0.0,2.0,3.0,1.0,B02
201600002244,1.0,7,0,13.0,0.0,1.0,1.0,A01
201600002245,0.0,7,0,0.0,2.0,1.0,13.0,B02
201600002245,1.0,7,0,0.0,0.0,5.0,23.0,D04
201600002245,0.0,7,0,14.0,0.0,1.0,2.0,A01
201600002245,1.0,7,0,0.0,2.0,1.0,1.0,C03
201600002246,0.0,33,0,0.0,2.0,5.0,1.0,B02
201600002246,0.0,7,0,0.0,2.0,2.0,16.0,A01
201600002247,1.0,7,0,2.0,2.0,1.0,1.0,A01
201600002247,2.0,7,0,0.0,2.0,2.0,1.0,B02
201600002248,2.0,7,0,0.0,2.0,3.0,1.0,C03
201600002248,2.0,30,0,0.0,2.0,3.0,1.0,B02
201600002248,1.0,10,0,0.0,2.0,3.0,13.0,A01
201600002249,2.0,7,0,0.0,2.0,3.0,13.0,A01
201600002249,1.0,7,0,0.0,2.0,3.0,1.0,C03
201600002249,1.0,7,0,0.0,2.0,8.0,1.0,B02
201600002250,2.0,7,0,0.0,2.0,8.0,15.0,B02
201600002250,2.0,1,0,0.0,2.0,1.0,1.0,A01
201600002251,1.0,33,0,0.0,2.0,1.0,5.0,A01
201600002251,2.0,7,0,0.0,2.0,2.0,21.0,B02
201600002252,1.0,7,0,0.0,1.0,7.0,15.0,A01
201600002253,2.0,33,0,0.0,2.0,1.0,1.0,B02
201600002253,2.0,33,0,0.0,9.0,1.0,1.0,C03
201600002253,1.0,33,0,0.0,2.0,7.0,0.0,A01
201600002253,1.0,33,0,0.0,9.0,1.0,2.0,E05
201600002253,2.0,7,0,0.0,9.0,3.0,1.0,D04
201600002253,1.0,33,0,0.0,9.0,4.0,1.0,F06
201600002254,1.0,7,0,0.0,2.0,4.0,0.0,A01
201600002254,1.0,10,0,0.0,2.0,1.0,2.0,B02
201600002254,1.0,7,0,0.0,2.0,1.0,2.0,C03
201600002255,0.0,7,0,0.0,2.0,2.0,19.0,B02
201600002255,1.0,33,0,0.0,2.0,3.0,1.0,A01
201600002256,0.0,10,0,0.0,2.0,1.0,1.0,A01
201600002256,0.0,1,0,0.0,2.0,0.0,19.0,B02
201600002257,1.0,7,0,0.0,2.0,7.0,17.0,A01
201600002257,1.0,1,0,0.0,2.0,8.0,1.0,B02
201600002258,2.0,7,0,0.0,2.0,3.0,5.0,A01
201600002258,2.0,14,0,0.0,2.0,8.0,0.0,B02
201600002259,1.0,33,0,5.0,0.0,0.0,1.0,A01
201600002260,0.0,7,0,0.0,0.0,2.0,2.0,A01
201600002261,0.0,7,0,2.0,0.0,1.0,0.0,A01
201600002262,0.0,3,0,0.0,2.0,3.0,1.0,A01
201600002262,0.0,7,0,0.0,2.0,3.0,1.0,B02
201600002263,1.0,7,0,0.0,2.0,3.0,19.0,A01
201600002263,1.0,33,0,0.0,2.0,1.0,1.0,B02
201600002264,1.0,7,0,0.0,2.0,2.0,1.0,A01
201600002264,1.0,1,0,0.0,2.0,4.0,1.0,B02
201600002265,1.0,7,0,2.0,0.0,2.0,1.0,A01
201600002266,0.0,1,0,0.0,2.0,1.0,1.0,B02
201600002266,0.0,7,0,0.0,2.0,1.0,15.0,A01
201600002267,1.0,7,0,3.0,0.0,3.0,13.0,A01
201600002268,0.0,7,0,0.0,0.0,0.0,0.0,A01
201600002269,1.0,7,0,0.0,1.0,1.0,1.0,A01
201600002270,1.0,30,0,0.0,2.0,1.0,1.0,A01
201600002270,1.0,7,0,0.0,2.0,3.0,15.0,B02
201600002271,1.0,7,0,0.0,2.0,3.0,1.0,B02
201600002271,2.0,7,0,0.0,2.0,3.0,21.0,A01
201600002272,0.0,7,0,13.0,0.0,2.0,1.0,A01
201600002273,0.0,7,0,0.0,2.0,1.0,13.0,A01
201600002273,0.0,7,0,0.0,2.0,1.0,1.0,B02
201600002274,1.0,10,0,0.0,2.0,1.0,0.0,C03
201600002274,2.0,7,0,0.0,2.0,1.0,1.0,B02
201600002274,1.0,7,0,0.0,2.0,9.0,15.0,A01
201600002275,2.0,7,0,0.0,2.0,3.0,1.0,B02
201600002275,1.0,7,0,0.0,2.0,3.0,19.0,A01
201600002276,1.0,7,0,0.0,2.0,3.0,1.0,A01
201600002276,0.0,7,0,0.0,2.0,3.0,3.0,B02
201600002277,0.0,33,0,0.0,0.0,0.0,2.0,A01
201600002278,1.0,7,0,6.0,0.0,2.0,1.0,A01
201600002279,1.0,33,0,0.0,2.0,1.0,13.0,A01
201600002279,2.0,7,0,0.0,2.0,1.0,1.0,B02
201600002280,1.0,1,0,0.0,2.0,6.0,15.0,B02
201600002280,2.0,7,0,0.0,9.0,3.0,1.0,A01
201600002281,1.0,7,0,11.0,0.0,3.0,13.0,A01
201600002282,1.0,33,0,0.0,2.0,1.0,1.0,A01
201600002282,1.0,21,0,0.0,2.0,5.0,1.0,B02
201600002283,2.0,10,0,0.0,2.0,3.0,1.0,B02
201600002283,1.0,7,0,0.0,2.0,3.0,1.0,A01
201600002284,2.0,7,0,8.0,0.0,3.0,1.0,A01
201600002285,1.0,30,0,0.0,0.0,0.0,0.0,A01
201600002286,1.0,7,0,0.0,2.0,2.0,2.0,B02
201600002286,1.0,33,0,0.0,2.0,4.0,1.0,A01
201600002287,0.0,7,0,0.0,2.0,1.0,1.0,B02
201600002287,0.0,3,0,0.0,2.0,1.0,13.0,A01
201600002288,2.0,2,0,0.0,2.0,1.0,0.0,B02
201600002288,1.0,10,0,0.0,2.0,7.0,19.0,A01
201600002289,2.0,32,0,0.0,0.0,7.0,1.0,A01
201600002290,2.0,7,0,2.0,0.0,1.0,1.0,A01
201600002291,1.0,3,0,16.0,0.0,4.0,10.0,A01
201600002292,2.0,31,0,0.0,2.0,3.0,2.0,A01
201600002292,2.0,10,0,0.0,2.0,6.0,2.0,B02
201600002293,0.0,7,0,0.0,2.0,3.0,13.0,A01
201600002293,0.0,7,0,0.0,2.0,3.0,1.0,B02
201600002294,0.0,7,0,2.0,0.0,5.0,1.0,A01
201600002295,1.0,7,0,0.0,2.0,0.0,0.0,B02
201600002295,1.0,7,0,0.0,2.0,4.0,0.0,A01
201600002296,1.0,7,0,0.0,2.0,3.0,19.0,B02
201600002296,2.0,7,0,0.0,2.0,2.0,1.0,A01
201600002297,1.0,7,0,0.0,2.0,2.0,19.0,B02