Num_Acc,senc,catv,occutc,obs,obsm,choc,manv,num_veh
201600002783,1.0,7,0,0.0,2.0,8.0,9.0,A01
201600002783,1.0,7,0,0.0,2.0,1.0,1.0,B02
201600002784,2.0,30,0,0.0,0.0,0.0,0.0,A01
201600002785,1.0,10,0,2.0,0.0,1.0,1.0,A01
201600002786,0.0,7,0,2.0,0.0,2.0,1.0,A01
201600002787,0.0,33,0,0.0,0.0,2.0,0.0,A01
201600002787,0.0,10,0,0.0,0.0,6.0,0.0,B02
201600002788,2.0,10,0,0.0,2.0,3.0,1.0,A01
201600002788,1.0,7,0,0.0,2.0,1.0,1.0,B02
201600002789,2.0,7,0,6.0,0.0,3.0,1.0,A01
201600002790,0.0,36,0,0.0,0.0,4.0,0.0,A01
201600002791,1.0,7,0,0.0,2.0,3.0,13.0,A01
201600002791,2.0,7,0,0.0,2.0,3.0,1.0,B02
201600002792,2.0,33,0,0.0,2.0,7.0,1.0,B02
201600002792,1.0,7,0,0.0,2.0,3.0,1.0,A01
201600002793,1.0,21,0,0.0,2.0,8.0,1.0,B02
201600002793,2.0,7,0,10.0,2.0,8.0,1.0,A01
201600002794,2.0,7,0,2.0,0.0,3.0,21.0,A01
201600002795,1.0,33,0,0.0,2.0,1.0,1.0,B02
201600002795,1.0,7,0,0.0,2.0,4.0,1.0,C03
201600002795,1.0,33,0,0.0,2.0,1.0,1.0,A01
201600002796,1.0,30,0,0.0,2.0,1.0,1.0,B02
201600002796,0.0,7,0,0.0,2.0,1.0,19.0,A01
201600002797,2.0,2,0,0.0,2.0,1.0,1.0,B02
201600002797,1.0,7,0,0.0,2.0,2.0,11.0,A01
201600002798,1.0,7,0,0.0,2.0,1.0,13.0,A01
201600002798,2.0,10,0,0.0,2.0,1.0,1.0,B02
201600002799,1.0,7,0,0.0,2.0,6.0,1.0,B02
201600002799,1.0,7,0,0.0,2.0,1.0,1.0,C03
201600002799,2.0,7,0,0.0,2.0,1.0,13.0,A01
201600002800,1.0,30,0,0.0,0.0,0.0,15.0,A01
201600002800,1.0,33,0,0.0,2.0,1.0,1.0,B02
201600002801,0.0,7,0,0.0,1.0,1.0,0.0,A01
201600002802,1.0,1,0,0.0,9.0,4.0,1.0,B02
201600002802,1.0,7,0,0.0,9.0,2.0,1.0,A01
201600002803,1.0,33,0,13.0,0.0,8.0,1.0,A01
201600002804,2.0,7,0,2.0,0.0,7.0,1.0,A01
201600002805,0.0,7,0,0.0,0.0,1.0,21.0,A01
201600002806,2.0,30,0,1.0,0.0,1.0,1.0,B02
201600002806,0.0,7,0,0.0,0.0,6.0,24.0,A01
201600002807,1.0,7,0,0.0,2.0,2.0,19.0,A01
201600002807,2.0,7,0,0.0,2.0,1.0,1.0,B02
201600002808,0.0,33,0,0.0,0.0,7.0,1.0,A01
201600002809,0.0,7,0,0.0,2.0,1.0,1.0,A01
201600002809,0.0,7,0,0.0,2.0,2.0,1.0,B02
201600002810,2.0,7,0,0.0,2.0,1.0,1.0,B02
201600002810,1.0,7,0,0.0,2.0,1.0,13.0,A01
201600002811,2.0,7,0,0.0,2.0,3.0,1.0,B02
201600002811,1.0,30,0,0.0,2.0,1.0,1.0,A01
201600002812,2.0,7,0,0.0,2.0,1.0,13.0,A01
201600002812,1.0,7,0,0.0,2.0,1.0,1.0,B02
201600002813,2.0,7,0,0.0,2.0,2.0,15.0,A01
201600002813,1.0,7,0,0.0,2.0,1.0,0.0,B02
201600002814,1.0,7,0,8.0,0.0,1.0,1.0,A01
201600002815,0.0,36,0,13.0,0.0,2.0,16.0,A01
201600002816,2.0,7,0,0.0,2.0,1.0,0.0,B02
201600002816,1.0,7,0,0.0,2.0,1.0,5.0,A01
201600002817,1.0,7,0,2.0,0.0,1.0,1.0,A01
201600002818,2.0,2,0,0.0,2.0,8.0,1.0,B02
201600002818,0.0,7,0,0.0,2.0,2.0,15.0,A01
201600002819,2.0,7,0,0.0,2.0,8.0,19.0,A01
201600002819,1.0,7,0,0.0,2.0,3.0,1.0,B02
201600002820,1.0,7,0,8.0,0.0,5.0,1.0,A01
201600002821,2.0,7,0,13.0,0.0,3.0,1.0,A01
201600002822,2.0,10,0,2.0,0.0,1.0,0.0,A01
201600002823,2.0,7,0,8.0,0.0,7.0,1.0,A01
201600002824,2.0,7,0,2.0,0.0,8.0,1.0,A01
201600002825,0.0,33,0,0.0,2.0,1.0,1.0,A01
201600002825,0.0,14,0,0.0,0.0,7.0,15.0,B02
201600002826,2.0,7,0,0.0,2.0,2.0,13.0,A01
201600002826,1.0,7,0,0.0,2.0,1.0,1.0,B02
201600002827,0.0,7,0,0.0,1.0,4.0,20.0,A01
201600002828,2.0,7,0,0.0,0.0,7.0,19.0,B02
201600002828,2.0,7,0,0.0,2.0,1.0,1.0,A01
201600002829,2.0,33,0,0.0,0.0,0.0,1.0,A01
201600002830,2.0,7,0,0.0,0.0,1.0,0.0,A01
201600002830,1.0,7,0,0.0,0.0,7.0,1.0,B02
201600002831,1.0,7,0,0.0,1.0,2.0,1.0,A01
201600002832,0.0,33,0,16.0,0.0,1.0,1.0,A01
201600002833,2.0,7,0,0.0,2.0,3.0,23.0,B02
201600002833,1.0,7,0,0.0,2.0,3.0,13.0,A01
201600002834,1.0,7,0,0.0,2.0,3.0,5.0,A01
201600002834,2.0,7,0,0.0,2.0,1.0,1.0,C03
201600002834,2.0,7,0,0.0,2.0,3.0,21.0,B02
201600002835,2.0,7,0,0.0,1.0,2.0,1.0,A01
201600002836,1.0,2,0,0.0,0.0,7.0,15.0,A01
201600002836,2.0,7,0,0.0,0.0,2.0,1.0,B02
201600002836,0.0,7,0,0.0,0.0,0.0,23.0,C03
201600002837,0.0,7,0,0.0,1.0,1.0,1.0,A01
201600002838,2.0,1,0,0.0,2.0,1.0,1.0,C03
201600002838,1.0,7,0,0.0,2.0,5.0,19.0,A01
201600002838,2.0,1,0,0.0,2.0,1.0,1.0,B02
201600002839,1.0,7,0,0.0,1.0,8.0,1.0,A01
201600002840,1.0,7,0,0.0,2.0,1.0,1.0,A01
201600002840,2.0,7,0,0.0,2.0,1.0,1.0,B02
201600002841,0.0,7,0,0.0,2.0,3.0,0.0,A01
201600002841,0.0,21,0,0.0,2.0,8.0,0.0,B02
201600002842,1.0,31,0,0.0,2.0,1.0,1.0,B02
201600002842,2.0,7,0,0.0,2.0,6.0,19.0,A01
201600002843,0.0,7,0,0.0,9.0,1.0,15.0,A01
201600002843,0.0,1,0,0.0,2.0,1.0,1.0,B02
201600002844,1.0,33,0,0.0,2.0,1.0,1.0,B02
201600002844,1.0,10,0,0.0,0.0,6.0,3.0,A01
201600002845,1.0,7,0,0.0,2.0,8.0,19.0,A01
201600002845,1.0,7,0,0.0,2.0,1.0,1.0,B02
201600002846,1.0,7,0,0.0,2.0,1.0,1.0,B02
201600002846,2.0,7,0,0.0,2.0,1.0,13.0,A01
201600002847,1.0,21,0,13.0,0.0,9.0,1.0,A01
201600002848,2.0,7,0,13.0,0.0,9.0,1.0,A01
201600002849,1.0,7,0,0.0,2.0,3.0,1.0,A01
201600002849,2.0,7,0,0.0,2.0,3.0,1.0,B02
201600002850,2.0,33,0,0.0,2.0,1.0,1.0,A01
201600002850,2.0,7,0,0.0,2.0,7.0,15.0,B02
201600002851,0.0,7,0,0.0,9.0,2.0,2.0,A01
201600002851,0.0,1,0,0.0,2.0,0.0,0.0,B02
201600002852,2.0,7,0,0.0,2.0,1.0,1.0,B02
201600002852,0.0,7,0,0.0,2.0,8.0,15.0,A01
201600002853,1.0,33,0,0.0,2.0,1.0,1.0,B02
201600002853,2.0,7,0,0.0,2.0,2.0,15.0,A01
201600002854,0.0,10,0,0.0,1.0,4.0,20.0,A01
201600002855,1.0,10,0,0.0,2.0,7.0,15.0,A01
201600002855,2.0,33,0,0.0,2.0,1.0,1.0,B02
201600002856,1.0,7,0,0.0,2.0,1.0,11.0,A01
201600002856,2.0,7,0,0.0,2.0,1.0,1.0,B02
201600002857,1.0,7,0,0.0,2.0,8.0,1.0,C03
201600002857,2.0,7,0,0.0,2.0,1.0,13.0,A01
201600002857,1.0,7,0,0.0,2.0,3.0,1.0,B02
201600002858,2.0,7,0,0.0,2.0,1.0,1.0,B02
201600002858,1.0,7,0,0.0,2.0,1.0,1.0,A01
201600002859,1.0,7,0,0.0,2.0,1.0,1.0,B02
201600002859,2.0,7,0,0.0,2.0,1.0,13.0,A01
201600002860,2.0,7,0,0.0,2.0,7.0,19.0,A01
201600002860,1.0,17,0,0.0,2.0,1.0,1.0,B02
201600002861,0.0,7,0,0.0,2.0,3.0,1.0,A01
201600002861,0.0,14,0,0.0,2.0,3.0,1.0,B02
201600002862,2.0,7,0,2.0,0.0,2.0,14.0,A01
201600002863,2.0,7,0,0.0,2.0,2.0,13.0,A01
201600002863,1.0,7,0,0.0,2.0,2.0,1.0,B02
201600002864,2.0,7,0,13.0,6.0,3.0,1.0,A01
201600002865,1.0,7,0,0.0,2.0,1.0,13.0,A01
201600002865,2.0,7,0,0.0,2.0,1.0,1.0,B02
201600002866,1.0,7,0,2.0,0.0,1.0,13.0,A01
201600002867,1.0,7,0,0.0,2.0,1.0,13.0,A01
201600002867,2.0,10,0,0.0,2.0,3.0,1.0,B02
201600002868,1.0,7,0,0.0,2.0,2.0,13.0,A01
201600002868,1.0,10,0,0.0,2.0,2.0,21.0,B02
201600002869,1.0,7,0,13.0,0.0,5.0,1.0,A01
201600002870,0.0,7,0,2.0,0.0,3.0,13.0,A01
201600002871,1.0,7,0,16.0,9.0,9.0,16.0,A01
201600002872,0.0,7,0,13.0,0.0,8.0,1.0,A01
201600002873,1.0,7,0,0.0,1.0,3.0,1.0,A01
201600002874,1.0,7,0,0.0,0.0,5.0,0.0,A01
201600002874,1.0,1,0,0.0,0.0,1.0,0.0,B02
201600002875,2.0,7,0,2.0,0.0,1.0,1.0,A01
201600002876,1.0,7,0,2.0,0.0,2.0,1.0,A01
201600002877,1.0,7,0,0.0,2.0,2.0,13.0,A01
201600002877,2.0,7,0,0.0,2.0,1.0,1.0,B02
201600002878,2.0,15,0,0.0,2.0,2.0,2.0,A01
201600002878,2.0,15,0,0.0,2.0,4.0,2.0,B02
201600002878,2.0,7,0,0.0,2.0,9.0,2.0,C03
201600002879,1.0,7,0,0.0,0.0,9.0,0.0,A01
201600002880,1.0,21,0,0.0,0.0,6.0,15.0,A01
201600002880,1.0,33,0,0.0,2.0,1.0,17.0,B02
201600002881,1.0,7,0,0.0,2.0,2.0,15.0,A01
201600002881,2.0,2,0,0.0,2.0,1.0,1.0,B02
201600002882,0.0,2,0,0.0,0.0,0.0,21.0,A01
201600002883,1.0,7,0,0.0,2.0,1.0,13.0,A01
201600002883,2.0,7,0,0.0,2.0,8.0,1.0,B02
201600002884,1.0,33,0,5.0,0.0,1.0,1.0,A01
201600002885,1.0,30,0,0.0,2.0,4.0,1.0,A01
201600002885,1.0,10,0,0.0,2.0,1.0,1.0,B02
201600002886,1.0,7,0,0.0,0.0,8.0,2.0,A01
201600002886,1.0,33,0,0.0,2.0,1.0,2.0,B02
201600002887,0.0,7,0,0.0,1.0,4.0,4.0,A01
201600002888,1.0,7,0,0.0,2.0,7.0,15.0,A01
201600002888,2.0,31,0,0.0,2.0,8.0,5.0,B02
201600002889,0.0,10,0,0.0,2.0,1.0,15.0,A01
201600002889,0.0,33,0,0.0,2.0,7.0,1.0,B02
201600002890,1.0,7,0,0.0,2.0,3.0,1.0,A01
201600002890,1.0,7,0,0.0,2.0,1.0,1.0,B02
201600002891,1.0,7,0,0.0,6.0,9.0,1.0,A01
201600002892,2.0,7,0,2.0,0.0,2.0,1.0,A01
201600002893,1.0,7,0,0.0,2.0,3.0,15.0,A01
201600002893,2.0,32,0,0.0,2.0,0.0,1.0,B02
201600002894,1.0,7,0,2.0,0.0,1.0,13.0,A01
201600002895,2.0,7,0,0.0,0.0,3.0,9.0,A01
201600002895,1.0,7,0,0.0,0.0,1.0,21.0,B02
201600002896,2.0,7,0,0.0,2.0,1.0,1.0,A01
201600002896,0.0,7,0,0.0,2.0,7.0,19.0,B02
201600002897,1.0,1,0,0.0,2.0,6.0,1.0,A01
201600002897,1.0,7,0,0.0,2.0,7.0,1.0,B02
201600002898,1.0,33,0,0.0,2.0,1.0,17.0,A01
201600002898,1.0,10,0,0.0,2.0,8.0,15.0,B02
201600002899,1.0,7,0,0.0,2.0,1.0,5.0,A01
201600002899,2.0,7,0,0.0,2.0,1.0,1.0,B02
201600002900,2.0,7,0,0.0,2.0,2.0,15.0,A01
201600002900,1.0,33,0,0.0,2.0,1.0,1.0,B02
201600002901,1.0,13,0,0.0,0.0,3.0,13.0,A01
201600002901,2.0,13,0,0.0,0.0,3.0,1.0,B02
201600002902,1.0,30,0,0.0,2.0,1.0,19.0,A01
201600002902,1.0,7,0,0.0,2.0,2.0,1.0,B02
201600002903,1.0,7,0,8.0,0.0,3.0,1.0,A01
201600002904,2.0,7,0,0.0,2.0,3.0,19.0,A01
201600002904,1.0,7,0,0.0,2.0,1.0,1.0,B02
201600002905,2.0,7,0,0.0,2.0,5.0,10.0,A01
201600002905,1.0,33,0,0.0,2.0,1.0,1.0,B02
201600002906,1.0,7,0,0.0,2.0,1.0,13.0,A01
201600002906,2.0,7,0,0.0,2.0,3.0,14.0,B02
201600002907,1.0,10,0,0.0,2.0,1.0,15.0,A01
201600002907,2.0,33,0,0.0,2.0,1.0,1.0,B02
201600002908,2.0,31,0,0.0,2.0,7.0,21.0,A01
201600002908,1.0,7,0,0.0,2.0,1.0,19.0,B02
201600002909,1.0,7,0,2.0,0.0,9.0,14.0,A01
201600002910,2.0,7,0,0.0,2.0,2.0,0.0,A01
201600002910,2.0,30,0,0.0,2.0,6.0,1.0,B02
201600002911,0.0,7,0,0.0,2.0,3.0,15.0,A01
201600002911,0.0,30,0,0.0,2.0,8.0,1.0,B02
201600002912,1.0,7,0,0.0,2.0,2.0,15.0,A01
201600002912,2.0,30,0,0.0,2.0,1.0,1.0,B02
201600002913,0.0,30,0,0.0,2.0,1.0,1.0,A01
201600002913,0.0,10,0,0.0,2.0,5.0,19.0,B02
201600002914,1.0,7,0,0.0,0.0,5.0,15.0,A01
201600002914,2.0,2,0,0.0,2.0,1.0,1.0,B02
201600002915,1.0,7,0,0.0,2.0,3.0,19.0,A01
201600002915,2.0,33,0,0.0,2.0,1.0,1.0,B02
201600002916,1.0,7,0,6.0,0.0,1.0,1.0,A01
201600002917,1.0,7,0,8.0,0.0,1.0,1.0,A01
201600002918,2.0,7,0,0.0,2.0,6.0,17.0,A01
201600002918,2.0,31,0,0.0,2.0,2.0,17.0,B02
201600002919,2.0,33,0,0.0,2.0,1.0,13.0,A01
201600002919,1.0,10,0,0.0,2.0,1.0,1.0,B02
201600002920,2.0,7,0,0.0,2.0,2.0,1.0,A01
201600002920,2.0,1,0,0.0,0.0,4.0,1.0,B02
201600002921,0.0,33,0,6.0,0.0,2.0,17.0,A01
201600002921,0.0,33,0,0.0,2.0,7.0,1.0,B02
201600002922,1.0,7,0,0.0,1.0,2.0,1.0,A01
201600002923,0.0,7,0,0.0,1.0,1.0,1.0,A01
201600002924,2.0,7,0,0.0,2.0,1.0,1.0,A01
201600002924,0.0,1,0,0.0,2.0,8.0,1.0,B02
201600002925,2.0,7,0,0.0,1.0,2.0,1.0,A01
201600002926,1.0,7,0,13.0,0.0,3.0,1.0,A01
201600002927,1.0,7,0,0.0,0.0,9.0,1.0,A01
201600002928,2.0,10,0,0.0,1.0,7.0,1.0,A01
201600002929,1.0,10,0,0.0,2.0,4.0,20.0,A01
201600002929,1.0,1,0,1.0,0.0,1.0,1.0,B02
201600002930,1.0,7,0,0.0,2.0,3.0,13.0,A01
201600002930,2.0,7,0,0.0,2.0,3.0,1.0,B02
201600002931,2.0,7,0,13.0,0.0,1.0,1.0,A01
201600002932,2.0,33,0,13.0,0.0,0.0,1.0,A01
201600002933,1.0,7,0,13.0,0.0,3.0,13.0,A01
201600002934,0.0,7,0,0.0,1.0,7.0,1.0,A01
201600002935,1.0,7,0,0.0,2.0,1.0,13.0,A01
201600002935,2.0,7,0,0.0,2.0,1.0,1.0,B02
201600002936,2.0,33,0,3.0,0.0,1.0,13.0,A01
201600002937,1.0,7,0,0.0,2.0,3.0,1.0,A01
201600002937,2.0,7,0,0.0,2.0,3.0,1.0,B02
201600002938,1.0,33,0,0.0,2.0,2.0,2.0,A01
201600002938,1.0,33,0,0.0,2.0,6.0,2.0,B02
201600002939,1.0,7,0,0.0,0.0,1.0,1.0,A01
201600002940,2.0,7,0,0.0,2.0,1.0,0.0,A01
201600002940,1.0,7,0,0.0,2.0,7.0,5.0,B02
201600002941,2.0,7,0,6.0,0.0,1.0,0.0,A01
201600002942,2.0,10,0,0.0,2.0,3.0,15.0,A01
201600002942,1.0,7,0,0.0,2.0,2.0,1.0,B02
201600002943,2.0,7,0,0.0,1.0,2.0,0.0,A01
201600002944,2.0,7,0,0.0,0.0,4.0,23.0,A01
201600002944,2.0,14,0,0.0,2.0,1.0,2.0,B02
201600002945,0.0,10,0,0.0,2.0,6.0,1.0,A01
201600002945,0.0,10,0,0.0,2.0,3.0,9.0,B02
201600002946,2.0,14,0,0.0,0.0,0.0,1.0,A01
201600002946,2.0,7,0,0.0,9.0,1.0,1.0,B02
201600002947,2.0,7,0,0.0,2.0,3.0,1.0,B01
201600002947,1.0,7,0,0.0,2.0,3.0,1.0,A02
201600002948,1.0,10,0,0.0,1.0,3.0,15.0,A01
201600002949,2.0,7,0,0.0,2.0,1.0,13.0,A01
201600002949,1.0,7,0,0.0,2.0,1.0,1.0,B02
201600002950,2.0,7,0,2.0,0.0,1.0,1.0,A01
201600002951,1.0,7,0,13.0,0.0,1.0,17.0,A01
201600002952,1.0,7,0,2.0,0.0,1.0,0.0,A01
201600002953,2.0,7,0,0.0,2.0,1.0,0.0,A01
201600002953,1.0,7,0,0.0,2.0,8.0,0.0,B02
201600002954,1.0,17,0,0.0,2.0,3.0,1.0,A01
201600002954,2.0,7,0,0.0,2.0,3.0,13.0,B02
201600002955,2.0,33,0,0.0,2.0,0.0,17.0,A01
201600002955,2.0,21,0,0.0,0.0,0.0,15.0,B02
201600002956,2.0,7,0,0.0,2.0,8.0,19.0,A01
201600002956,1.0,7,0,0.0,2.0,1.0,1.0,B02
201600002957,1.0,7,0,0.0,2.0,2.0,19.0,A01
201600002957,2.0,15,0,0.0,2.0,1.0,0.0,B02
201600002958,1.0,7,0,13.0,0.0,1.0,1.0,A01
201600002959,0.0,33,0,0.0,5.0,2.0,1.0,A01
201600002960,1.0,33,0,0.0,2.0,0.0,1.0,B02
201600002960,1.0,7,0,0.0,0.0,0.0,16.0,A01
201600002961,2.0,30,0,0.0,0.0,0.0,1.0,A01
201600002962,2.0,31,0,0.0,2.0,9.0,13.0,C03
201600002962,2.0,7,0,0.0,2.0,9.0,15.0,A01
201600002962,0.0,7,0,0.0,2.0,3.0,1.0,B02
201600002963,1.0,7,0,13.0,0.0,1.0,13.0,A01
201600002964,0.0,7,0,0.0,2.0,3.0,15.0,A01
201600002964,0.0,31,0,0.0,2.0,1.0,1.0,B02
201600002965,0.0,7,0,0.0,2.0,1.0,1.0,B02
201600002965,0.0,10,0,0.0,2.0,1.0,13.0,A01
201600002966,1.0,7,0,0.0,2.0,2.0,15.0,A01
201600002966,2.0,7,0,0.0,2.0,1.0,1.0,B02
201600002967,1.0,7,0,1.0,0.0,1.0,14.0,A01
201600002968,2.0,7,0,2.0,0.0,1.0,13.0,A01
201600002969,1.0,33,0,0.0,0.0,8.0,1.0,A01
201600002970,2.0,10,0,6.0,0.0,3.0,13.0,A01
201600002971,2.0,7,0,0.0,2.0,8.0,15.0,B02
201600002971,2.0,17,0,0.0,2.0,1.0,1.0,A01
201600002972,2.0,7,0,0.0,2.0,3.0,1.0,B02
201600002972,1.0,7,0,0.0,2.0,3.0,13.0,A01
201600002973,2.0,7,0,13.0,0.0,2.0,1.0,A01
201600002974,1.0,7,0,0.0,0.0,1.0,15.0,A01
201600002974,2.0,7,0,0.0,0.0,1.0,1.0,B02
201600002975,1.0,33,0,0.0,2.0,8.0,2.0,C03
201600002975,2.0,7,0,0.0,2.0,1.0,1.0,B02
201600002975,1.0,7,0,0.0,2.0,1.0,13.0,A01
201600002976,2.0,7,0,0.0,2.0,4.0,2.0,B02
201600002976,2.0,33,0,0.0,2.0,1.0,2.0,A01
201600002977,2.0,7,0,0.0,2.0,7.0,10.0,B02
201600002977,1.0,7,0,0.0,2.0,1.0,1.0,A01
201600002978,2.0,1,0,0.0,2.0,3.0,13.0,B02
201600002978,1.0,33,0,0.0,2.0,2.0,1.0,A01
201600002979,1.0,7,0,0.0,0.0,6.0,15.0,A01
201600002979,1.0,34,0,0.0,2.0,1.0,17.0,B02
201600002980,1.0,7,0,0.0,2.0,3.0,13.0,A01
201600002980,2.0,7,0,0.0,2.0,3.0,1.0,B02
201600002981,2.0,17,0,0.0,0.0,8.0,15.0,A01
201600002981,2.0,33,0,0.0,2.0,1.0,17.0,B02
201600002982,2.0,7,0,2.0,0.0,1.0,13.0,A01
201600002983,2.0,7,0,0.0,2.0,1.0,13.0,A01
201600002983,1.0,7,0,0.0,2.0,1.0,1.0,B02
201600002984,1.0,33,0,13.0,0.0,1.0,1.0,A01
201600002985,2.0,7,0,0.0,2.0,4.0,2.0,B02
201600002985,2.0,7,0,0.0,2.0,1.0,2.0,A01
201600002986,1.0,7,0,0.0,2.0,1.0,13.0,A01
201600002986,2.0,7,0,0.0,2.0,1.0,1.0,B02
201600002987,2.0,33,0,0.0,2.0,1.0,17.0,A01
201600002987,2.0,1,0,0.0,2.0,8.0,15.0,B02
201600002988,1.0,7,0,0.0,2.0,1.0,1.0,B02
201600002988,1.0,7,0,0.0,2.0,4.0,23.0,A01
201600002989,2.0,30,0,1.0,0.0,1.0,1.0,A01
201600002989,2.0,7,0,0.0,2.0,4.0,23.0,B02
201600002990,2.0,7,0,0.0,2.0,3.0,13.0,A01
201600002990,1.0,10,0,0.0,2.0,3.0,1.0,B02
201600002991,1.0,15,0,0.0,2.0,3.0,1.0,B02
201600002991,2.0,33,0,0.0,2.0,3.0,1.0,A01
201600002992,2.0,33,0,0.0,2.0,1.0,1.0,B02
201600002992,1.0,7,0,0.0,0.0,3.0,19.0,A01
201600002993,2.0,1,0,0.0,2.0,4.0,1.0,B02
201600002993,2.0,7,0,0.0,2.0,2.0,14.0,A01
201600002994,0.0,33,0,0.0,0.0,2.0,1.0,A01
201600002995,2.0,33,0,0.0,1.0,1.0,1.0,A01
201600002996,1.0,7,0,0.0,2.0,8.0,19.0,A01
201600002996,2.0,7,0,0.0,2.0,1.0,1.0,B02
201600002997,2.0,7,0,0.0,2.0,1.0,2.0,A01
201600002997,2.0,7,0,0.0,0.0,4.0,23.0,B02
201600002998,1.0,31,0,0.0,2.0,1.0,1.0,B02
201600002998,1.0,7,0,0.0,2.0,3.0,9.0,A01
201600002999,1.0,7,0,13.0,0.0,2.0,1.0,A01
201600003000,1.0,32,0,13.0,0.0,1.0,1.0,A01
201600003001,1.0,7,0,3.0,0.0,1.0,6.0,A01
201600003002,2.0,7,0,0.0,2.0,3.0,13.0,A01
201600003002,1.0,7,0,0.0,2.0,3.0,1.0,B02
201600003003,0.0,7,0,0.0,1.0,3.0,1.0,A01
201600003004,2.0,7,0,2.0,0.0,9.0,1.0,A01
201600003005,1.0,7,0,0.0,2.0,2.0,1.0,B02
201600003005,2.0,7,0,0.0,2.0,3.0,13.0,A01
201600003006,2.0,10,0,12.0,2.0,2.0,1.0,A01
201600003006,0.0,7,0,0.0,2.0,3.0,19.0,B02
201600003007,2.0,7,0,0.0,2.0,1.0,1.0,B02
201600003007,1.0,7,0,0.0,2.0,2.0,13.0,A01
201600003008,1.0,7,0,0.0,2.0,8.0,19.0,A01
201600003008,1.0,30,0,0.0,2.0,1.0,1.0,B02
201600003009,1.0,7,0,0.0,2.0,8.0,1.0,A01
201600003009,1.0,1,0,0.0,2.0,4.0,19.0,B02
201600003010,2.0,33,0,0.0,2.0,1.0,1.0,A01
201600003010,2.0,10,0,0.0,0.0,4.0,15.0,B02
201600003011,2.0,7,0,0.0,1.0,3.0,15.0,A01
201600003012,1.0,30,0,0.0,2.0,7.0,1.0,A01
201600003012,0.0,7,0,0.0,2.0,1.0,15.0,B02
201600003013,0.0,7,0,16.0,0.0,1.0,13.0,A01
201600003014,2.0,7,0,0.0,2.0,2.0,19.0,A01
201600003014,2.0,7,0,0.0,2.0,1.0,1.0,B02
201600003015,2.0,7,0,2.0,0.0,2.0,14.0,A01
201600003016,1.0,1,0,0.0,2.0,1.0,1.0,B02
201600003016,1.0,1,0,0.0,2.0,1.0,1.0,A01
201600003016,0.0,7,0,0.0,9.0,7.0,9.0,C03
201600003017,0.0,33,0,16.0,0.0,8.0,1.0,A01
201600003018,0.0,30,0,0.0,0.0,8.0,13.0,A01
201600003019,1.0,7,0,0.0,2.0,1.0,1.0,C03
201600003019,1.0,7,0,0.0,2.0,8.0,1.0,E05
201600003019,1.0,7,0,0.0,2.0,6.0,17.0,A01
201600003019,1.0,10,0,0.0,2.0,1.0,1.0,D04
201600003019,2.0,14,0,0.0,2.0,3.0,1.0,B02
201600003020,1.0,7,0,0.0,1.0,2.0,21.0,A01
201600003021,1.0,7,0,0.0,2.0,2.0,17.0,A01
201600003021,1.0,1,0,0.0,2.0,8.0,13.0,B02
201600003022,2.0,7,0,0.0,2.0,1.0,17.0,A01
201600003022,1.0,7,0,0.0,2.0,1.0,1.0,B02
201600003023,1.0,10,0,6.0,0.0,3.0,13.0,A01
201600003024,2.0,7,0,0.0,2.0,1.0,19.0,A01
201600003024,2.0,7,0,0.0,2.0,8.0,1.0,B02
201600003025,1.0,7,0,13.0,0.0,1.0,1.0,A01
201600003026,1.0,36,0,13.0,0.0,1.0,13.0,A01
201600003027,2.0,7,0,0.0,2.0,3.0,16.0,A01
201600003027,2.0,7,0,0.0,2.0,1.0,1.0,B02
201600003028,2.0,7,0,0.0,2.0,7.0,13.0,A01
201600003028,1.0,7,0,0.0,2.0,1.0,1.0,B02
201600003029,1.0,7,0,13.0,0.0,3.0,14.0,A01
201600003030,1.0,33,0,15.0,0.0,9.0,14.0,A01
201600003031,2.0,7,0,0.0,0.0,6.0,1.0,B02
201600003031,2.0,7,0,0.0,0.0,1.0,21.0,A01
201600003031,1.0,7,0,0.0,0.0,3.0,1.0,C03
201600003032,1.0,33,0,0.0,2.0,1.0,1.0,B02